id,name,pref,address,tel
s0001,GiGOドリームタウン白樺,北海道,北海道帯広市白樺16条西2丁目 ﾄﾞﾘｰﾑﾀｳﾝ白樺内,080-7422-4566
s0002,GiGOイオンモール苫小牧,北海道,北海道苫小牧市柳町3丁目1番20号イオンモール苫小牧内,080-7032-8310
s0003,GiGOすすきの,北海道,北海道札幌市中央区南3条西4丁目1-1,080-4856-7703
s0004,ゲームランド新さっぽろ店,北海道,北海道札幌市厚別区厚別中央2条5-7新さっぽろサンピアザ3F,011-398-3188
s0005,ソユーゲームフィールド旭川西店,北海道,北海道旭川市緑町23-2161-3イオン旭川西3階,0166-59-7131
s0006,ソユーゲームフィールド苗穂店,北海道,北海道札幌市東区東苗穂二条3-1-1イオンモール札幌苗穂2F,011-784-8878
s0007,タイトーステーションイオン釧路昭和店,北海道,北海道釧路市昭和中央４－１８－１イオン釧路昭和２Ｆ,0154-55-4623
s0008,タイトーステーションイオン札幌平岡店,北海道,北海道札幌市清田区平岡三条5-3-1イオンモール札幌平岡店2F,011-889-5242
s0009,タイトーステーション札幌狸小路2丁目店,北海道,北海道札幌市中央区南三条西2-14,011-213-1115
s0010,タイトーステーション札幌狸小路4丁目店,北海道,北海道札幌市中央区南二条西4丁目2-11,011-522-9045
s0011,namcoラソラ札幌店,北海道,北海道札幌市白石区東札幌３条１丁目１－１ラソラ札幌店 Ａタウン２Ｆ,011-807-4250
s0012,namcoウイングベイ小樽店,北海道,北海道小樽市築港１１番５号 ウイングベイ小樽５番街３階,0134-27-8200
s0013,東急百貨店さっぽろアミューズパーク,北海道,北海道札幌市中央区北４条西２－１ ９階,0570-087632
s0014,namcoアリオ札幌店,北海道,北海道札幌市東区北七条東９丁目２番２０ アリオ札幌２Ｆ,011-594-8071
s0015,namcoサッポロファクトリー店,北海道,北海道札幌市中央区北１条東４丁目１番地１ サッポロファクトリー１条館２Ｆ,011-207-4410
s0016,遊ランド春光店,北海道,北海道旭川市春光1条7丁目,0166-55-3355
s0017,遊ランド富良野店,北海道,北海道富良野市弥生町5-50,0167-39-0123
s0018,遊ランド西御料店,北海道,北海道旭川市西御料５条２丁目６４－１９遊ランド西御料,0166-60-5050
s0019,遊ランド稚内店,北海道,北海道稚内市港5丁目8-15,0162-22-2233
s0020,ファンタジープラザ旭川店,北海道,北海道旭川市春光1条8-1-65 MEGAドン･キホーテ旭川店2階,0166-53-3104
s0021,キャッツアイ篠路店,北海道,北海道札幌市北区篠路一条4丁目6-30キャッツアイ篠路,011-776-1500
s0022,キャッツアイ新札幌店,北海道,北海道札幌市厚別区厚別東5条1丁目1-10キャッツアイ新札幌,011-899-1500
s0023,キャッツアイ清田店,北海道,北海道札幌市清田区清田一条一丁目２０－１キャッツアイ清田,011-884-2828
s0024,キャッツアイ静内,北海道,北海道日高郡新ひだか町静内木場町2-1-41,0146-43-0888
s0025,キャッツアイ新川店,北海道,北海道札幌市北区新川２条7丁目1-7,011-766-2828
s0026,モーリーファンタジー登別店,北海道,北海道登別市若山町4-33-1 イオン登別店2階,070-3100-5232
s0027,PALO釧路店,北海道,北海道釧路郡釧路町桂木1-1-7 イオン釧路店2階,070-3100-5146
s0028,PALO江別店,北海道,北海道江別市幸町35 イオン江別店3階,070-3100-3727
s0029,モーリーファンタジー札幌平岡店,北海道,北海道札幌市清田区平岡3条5丁目3-1 イオン札幌平岡店2階,070-3100-3646
s0030,モーリーファンタジー釧路昭和店,北海道,北海道釧路市昭和中央4-18-1 イオン釧路昭和店2階,070-3100-3643
s0031,モーリーファンタジー札幌元町店,北海道,北海道札幌市東区北31条東15丁目1-1 イオン札幌元町店3階,070-3100-3640
s0032,モーリーファンタジー札幌桑園店,北海道,北海道札幌市中央区北8条西14丁目28番地 イオン札幌桑園店2階,070-3100-3955
s0033,モーリーファンタジー札幌苗穂店,北海道,北海道札幌市東区東苗穂2条3丁目1番1号 イオン札幌苗穂店2階,070-3100-3970
s0034,モーリーファンタジー旭川西店,北海道,北海道旭川市緑町23-2161-3 イオン旭川西店2階,070-3100-3901
s0035,モーリーファンタジー苫小牧店,北海道,北海道苫小牧市柳町3-1-20 イオン苫小牧店2階,070-3100-3912
s0036,モーリーファンタジー札幌発寒店,北海道,北海道札幌市西区発寒8条12丁目1-1 イオン札幌発寒店3階,070-3100-4063
s0037,ゲームコーナー新さっぽろ店,北海道,北海道札幌市厚別区厚別中央2条5丁目6-3 アークシティduo2 2階,070-3100-3455
s0038,モーリーファンタジー三笠店,北海道,北海道三笠市岡山1059-1 イオンスーパーセンター三笠店1階,070-3100-7326
s0039,モーリーファンタジー手稲山口店,北海道,北海道札幌市手稲区明日風6丁目1番1号 イオンスーパーセンター手稲山口店1階,070-3100-7383
s0040,モーリーファンタジー名寄店,北海道,北海道名寄市字徳田80番地1 イオン名寄ショッピングセンター2階,070-3100-7395
s0041,モーリーファンタジー湯川店,北海道,北海道函館市湯川町3-14-5 イオン湯川店1・2階,070-3100-4480
s0042,モーリーファンタジー上磯店,北海道,北海道北斗市七重浜4丁目44番1号 イオン上磯店1階,070-3100-5478
s0043,PALO滝川店,北海道,北海道滝川市東町2丁目29-1 イオン滝川店1階,070-3100-4518
s0044,モーリーファンタジー札幌琴似店,北海道,北海道札幌市西区琴似2条4-2-2 イオン札幌琴似店3階,070-3100-4487
s0045,モーリーファンタジー札幌麻生店,北海道,北海道札幌市北区北39条西4-1-5 イオン札幌麻生店4階,070-3100-4486
s0046,モーリーファンタジー中標津店,北海道,北海道標津郡中標津町南町3番地10 東武サウスヒルズ1階,070-3100-4473
s0047,モーリーファンタジー旭川パルプ店,北海道,北海道旭川市パルプ町1条2丁目505番2 ショッピングセンターパルプタウン1階,070-3100-4472
s0048,PALO網走店,北海道,北海道網走市駒場北5丁目83番地 駒場ショッピングタウン,070-3100-4523
s0049,モーリーファンタジー東札幌店,北海道,北海道札幌市白石区東札幌3条2-1 イオン東札幌店2階,070-3100-4484
s0050,イオン北見店,北海道,北海道北見市北進町１－１－１,0157-66-3100
s0051,イオン千歳店,北海道,北海道千歳市栄町６－５１,0123-24-3100
s0052,MEGAドン・キホーテ旭川,北海道,北海道旭川市春光１条８－１－６５,0166-53-3810
s0053,ヨドバシカメラ マルチメディア札幌,北海道,北海道札幌市北区北６条西５－１－１２,011-707-1010
s0054,MEGAドン・キホーテ函館,北海道,北海道函館市美原１－７－１,0138-45-3810
s0055,イオン岩見沢店,北海道,北海道岩見沢市大和４条８－１,0126-33-6100
s0056,MEGAドン・キホーテ西帯広,北海道,北海道帯広市西２１条南４－１,0155-41-3810
s0057,コジマ×ビックカメライオン西岡店,北海道,北海道札幌市豊平区西岡３条３－４－１,011-857-3000
s0058,おもちゃのヨシダ,北海道,北海道旭川市本町３－４３７－２３８,0166-51-1519
s0059,長崎屋室蘭中島,北海道,北海道室蘭市中島町１－１９－１１,0143-45-3810
s0060,MEGAドン・キホーテ苫小牧,北海道,北海道苫小牧市木場町１－６－１,0144-36-3810
s0061,Tecc LIFE SELECT 札幌北33条店,北海道,北海道札幌市北区北33条西五丁目1-1,011-351-6320
s0062,ユーズランド下田店,青森県,青森県上北郡おいらせ町中野平40-1イオンモール下田内1F,0178-50-3237
s0063,Hapipi Landヒロロ弘前店,青森県,青森県弘前市駅前町9-2ヒロロ4階,080-7204-4719
s0064,ソユーゲームフィールドシーナシーナ青森店,青森県,青森県青森市浜田1-14-1シーナシーナ青森2F,017-762-3255
s0065,ソユーゲームフィールド八戸店,青森県,青森県八戸市沼館4-7-112ピアドゥ八戸B棟2階,0178-71-3060
s0066,スペースファンタジー・インフィニ,青森県,青森県弘前市城東北3-10-1さくら野弘前店4階,0172-26-2661
s0067,タイトーステーション青森アムゼ店,青森県,青森県青森市緑３－９－２イオン青森,017-722-8118
s0068,namcoエルムの街ショッピングセンター,青森県,青森県五所川原市大字唐笠柳字藤巻５１７－１ エルムの街ＳＣ 本棟２階,0570-087630
s0069,ラウンドワン青森,青森県,青森県青森市浜田3-1-1,017-762-3591
s0070,ファンタジードーム八戸店,青森県,青森県八戸市江陽2-14-1 ラピア八戸別当,0178-47-1370
s0071,モーリーファンタジー藤崎店,青森県,青森県南津軽郡藤崎町大字西豊田1-7-1 イオン藤崎店2階,070-3100-4931
s0072,モーリーファンタジーつがる柏店,青森県,青森県つがる市柏稲盛幾世41-1 イオン柏店1階,070-3100-4049
s0073,モーリーファンタジー下田店,青森県,青森県上北郡おいらせ町中野平40-1 イオン下田店2階,070-3100-4970
s0074,モーリーファンタジー八戸田向店,青森県,青森県八戸市田向3-5-1 イオン八戸田向店1階,070-3100-4279
s0075,モーリーファンタジー十和田店,青森県,青森県十和田市大字相坂字六日町山166番1 イオンスーパーセンター十和田店1階,070-3100-7351
s0076,モーリーファンタジー平賀店,青森県,青森県平川市小和森上松岡193-1 イオンタウン平賀１階,070-3100-4516
s0077,モーリーファンタジー三沢店,青森県,青森県三沢市松園町3-10-1 ビードルプラザ三沢店1階,070-3100-4660
s0078,モーリーファンタジー鶴田店,青森県,青森県北津軽郡鶴田町大字鶴田字中泉245番地1 鶴田フットリバーモール店1階,070-3100-5497
s0079,PALO黒石店,青森県,青森県黒石市富士見103番地3 アクロスプラザ黒石,070-3100-4675
s0080,PALOむつ店,青森県,青森県むつ市中央2丁目7番8号,070-3100-4671
s0081,イオン青森店,青森県,青森県青森市緑３－９－２,017-723-4131
s0082,ファミリーらんどDORA宮古,岩手県,岩手県宮古市小山田2丁目2-1マリンコープDORA2階,070-1584-7712
s0083,ゲームランド盛岡店,岩手県,岩手県盛岡市前潟4-7-1イオンモール盛岡 2F,019-605-3835
s0084,ソユーゲームフィールド釜石店,岩手県,岩手県釜石市港町二丁目１－１イオンタウン釜石３階,0193-22-2226
s0085,ソユーファミリーゲームフィールド花巻店,岩手県,岩手県花巻市高木第１６地割６８－６銀河モール花巻,0198-21-1030
s0086,アミューズメントゾーン北上店,岩手県,岩手県北上市本通り2丁目2－1クラソ・プレイス北上4階,0197-61-2711
s0087,ソユーゲームフィールド江釣子店,岩手県,岩手県北上市北鬼柳19地割74番地3江釣子ショッピングセンターパルイオンシネマ館1階,0197-62-5745
s0088,タイトーステーション盛岡マッハランド店,岩手県,岩手県盛岡市上堂１－２－３８タイトーステーション盛岡マッハランド,019-648-1408
s0089,ファミリーランド花巻店,岩手県,岩手県花巻市下小舟渡118-1 CiiNA CiiNA花巻2階,0198-22-4543
s0090,モーリーファンタジー前沢店,岩手県,岩手県奥州市前沢区向田2丁目85 イオン前沢店2階,070-3100-4933
s0091,モーリーファンタジー盛岡店,岩手県,岩手県盛岡市前潟4-7-1 イオン盛岡店2階,070-3100-5263
s0092,モーリーファンタジーイオン盛岡南店,岩手県,岩手県盛岡市本宮7-1-1 イオン盛岡南店3階,070-3100-4531
s0093,モーリーファンタジー遠野店,岩手県,岩手県遠野市新穀町1-11 遠野ショッピングセンターとぴあ2階,070-3100-5152
s0094,モーリーファンタジー一関店,岩手県,岩手県一関市山目字泥田89-1 イオン一関2階,070-3100-3726
s0095,モーリーファンタジースーパーセンター一関店,岩手県,岩手県一関市狐禅寺字石ノ瀬11番1 イオンスーパーセンター一関店1階,070-3100-7382
s0096,モーリーファンタジー盛岡渋民店,岩手県,岩手県盛岡市盛岡市渋民字鶴飼20-1 イオンスーパーセンター盛岡渋民店1階,070-3100-4498
s0097,PALO久慈店,岩手県,岩手県久慈市長内町第30地割32番-2 久慈ショッピングセンター1階,070-3100-5485
s0098,モーリーファンタジーサンサ盛岡南店,岩手県,岩手県盛岡市津志田西2丁目17-50 盛岡南ショッピングセンターサンサ店1階,070-3100-4655
s0099,アメリカンパラダイス北上,岩手県,岩手県北上市北鬼柳３２－４４,0197-63-7898
s0100,イオン江釣子店,岩手県,岩手県北上市北鬼柳１９－６８,0197-65-2711
s0101,イオンスーパーセンター水沢桜屋敷店,岩手県,岩手県奥州市水沢区字桜屋敷西２８－１０,0197-51-7520
s0102,イオンスーパーセンター金ケ崎店,岩手県,岩手県胆沢郡金ケ崎町三ケ尻荒巻１６５,0197-41-0800
s0103,ユーズランド大河原店,宮城県,宮城県柴田郡大河原町小島２－１フォルテ２階,0224-51-1237
s0104,GiGO名取,宮城県,宮城県名取市飯野坂字土城堀57-1,070-1458-5284
s0105,GiGO仙台,宮城県,宮城県仙台市青葉区中央2-5-5三経60ビル,070-1458-0346
s0106,アミュージアムイオンタウン柴田店,宮城県,宮城県柴田郡柴田町上名生字新大原１９４−１ イオンタウン柴田,080-9027-7983
s0107,プラサカプコン石巻店,宮城県,宮城県石巻市茜平4丁目104イオンモール石巻2F,0225-92-1402
s0108,プラサカプコン イオンタウン佐沼店,宮城県,宮城県登米市南方町新島前46-1イオンタウン佐沼1階,0220-21-6050
s0109,SOYU Game Field矢本店,宮城県,宮城県東松島市小松字上浮足43番地イオンタウン矢本,0225-24-6390
s0110,ゲームフィールド仙台長町店,宮城県,宮城県仙台市太白区長町7-20-3ザ・モール仙台長町店3階,022-304-2371
s0111,SOYU Game Field古川店,宮城県,宮城県大崎市古川沢田字筒場浦15番地イオンタウン古川内,0229-27-1785
s0112,タイトーステーション仙台名掛丁店,宮城県,宮城県仙台市青葉区中央１－７－１３ハピナ名掛丁商街,022-215-1664
s0113,タイトーステーション仙台クリスロード店,宮城県,宮城県仙台市青葉区中央２－３－２５,022-262-2541
s0114,namcoイオンモール富谷店,宮城県,宮城県富谷市大清水１－３３－１ イオンモール富谷店２階,022-342-0586
s0115,バンダイナムコCross Store仙台,宮城県,宮城県名取市杜せきのした５－３－１ イオンモール名取３Ｆ,0570-076557
s0116,namcoイオンモール新利府 南館店,宮城県,宮城県宮城郡利府町新中道３－１－１ イオンモール新利府南館３階３０２８区画,022-766-9402
s0117,namcoBiVi仙台駅東口店,宮城県,宮城県仙台市宮城野区榴岡２－１－２５ ＢｉＶｉ仙台駅東口店２階,022-352-6367
s0118,ラウンドワンスタジアム仙台泉,宮城県,宮城県仙台市泉区大沢2-12-4 仙台泉インターシティ1・2F,022-347-4471
s0119,アピナ富谷店,宮城県,宮城県富谷市大清水1-33-1 イオンモール富谷別棟109シネマズ富谷1F,022-341-5177
s0120,アピナ新利府北館店,宮城県,宮城県宮城郡利府町利府字新屋田前22イオンモール新利府北館2F,022-767-6633
s0121,ゲームコーナー東部,宮城県,宮城県仙台市若林区六丁の目中町２６－６０斎喜東部ビル２階,022-287-5880
s0122,ファミリーランド加賀野店,宮城県,宮城県登米市中田町石森字加賀野3-6-1 みやぎ生協加賀野店1階,0220-34-7921
s0123,GAMEBANK仙台泉,宮城県,宮城県仙台市泉区大沢２－５－４ＧＡＭＥＢＡＮＫ仙台泉,022-776-5677
s0124,モーリーファンタジー多賀城店,宮城県,宮城県多賀城市町前4-1-1 イオン多賀城店3階,070-3100-4903
s0125,モーリーファンタジー仙台中山店,宮城県,宮城県仙台市泉区南中山1-35-40 イオン仙台中山店3階,070-3100-4895
s0126,モーリーファンタジー古川店,宮城県,宮城県大崎市古川旭二丁目2-1 イオン古川店2階,070-3100-4059
s0127,モーリーファンタジー気仙沼店,宮城県,宮城県気仙沼市字赤岩舘下6-1外 イオン気仙沼店2階,070-3100-4012
s0128,モーリーファンタジー利府店,宮城県,宮城県宮城郡利府町新中道3-1-1 イオンモール新利府南館3階,070-3100-4037
s0129,モーリーファンタジー富谷店,宮城県,宮城県黒川郡富谷町大清水1ー33-1 イオン富谷店1階,070-3100-5282
s0130,モーリーファンタジー新名取店,宮城県,宮城県名取市杜せきのした5丁目3番地の1 イオン新名取店3階,070-3100-4546
s0131,モーリーファンタジー石巻店,宮城県,宮城県石巻市茜平4-104番地 イオン石巻店2階,070-3100-4543
s0132,モーリーファンタジー仙台卸町店,宮城県,宮城県仙台市若林区卸町1-1 イオンスタイル仙台卸町3階,070-3100-5523
s0133,モーリーファンタジー鈎取店,宮城県,宮城県仙台市太白区鈎取本町1-21-1 イオンスーパーセンター1F,070-3100-5066
s0134,モーリーファンタジーヨドバシ仙台店,宮城県,宮城県仙台市宮城野区榴岡1-3-1 ヨドバシ仙台5階,070-3100-5172
s0135,PRIZE SPOT PALO泉パークタウンタピオ店,宮城県,宮城県仙台市泉区寺岡6-5-1 泉パークタウン タピオ2階,070-3100-7437
s0136,モーリーファンタジー石巻東店,宮城県,宮城県石巻市流留字七勺1番1 イオンスーパーセンター石巻東店1階,070-3100-7310
s0137,モーリーファンタジー涌谷店,宮城県,宮城県遠田郡涌谷町字洞ヶ崎5番地 イオンスーパーセンター涌谷店1階,070-3100-7394
s0138,モーリーファンタジー塩釜店,宮城県,宮城県塩釜市海岸通15番100号 イオンタウン塩釜店2階,070-3100-7407
s0139,モーリーファンタジー栗原志波姫店,宮城県,宮城県栗原市志波姫新熊谷11番 イオンスーパーセンター栗原志波姫店1階,070-3100-7403
s0140,Tecc LIFE SELECT仙台あすと長町店,宮城県,宮城県仙台市太白区あすと長町３丁目１番２９号,022-745-2190
s0141,ヨドバシカメラ マルチメディア仙台,宮城県,宮城県仙台市宮城野区榴岡1-3-1,022-295-1010
s0142,ソフマップ仙台駅前店,宮城県,宮城県仙台市青葉区中央４丁目１－１ EBeanS １Ｆ,050-3032-9888
s0143,プラサカプコン大曲店,秋田県,秋田県大仙市和合坪立１７７イオン大曲２階,0187-86-3444
s0144,ゲームフィールド十文字店,秋田県,秋田県横手市十文字町仁井田東22-1スーパーモールラッキー,0182-47-7550
s0145,ソユープレイランドソピアいとくアクロス能代店,秋田県,秋田県能代市寺向70いとくアクロス能代,0185-54-7788
s0146,ソユーゲームフィールド能代店,秋田県,秋田県能代市鰄渕字古屋布1番 イオンタウン能代内,0185-74-9195
s0147,SOYU Game Field大館店,秋田県,秋田県大館市御成町3-7-58いとく大館ショッピングセンター3F,0186-59-7212
s0148,ゲームフィールド鷹巣店,秋田県,秋田県北秋田市栄字前網76いとく鷹巣店内,0186-69-8882
s0149,ソユーゲームフィールド御所野店,秋田県,秋田県秋田市御所野地蔵田1－1－1イオンモール秋田2階,018-889-6549
s0150,namco秋田オーパ店,秋田県,秋田県秋田市千秋久保田町４ー２ 秋田オーパ内,018-838-1703
s0151,ファンタジープラザ秋田店,秋田県,秋田県秋田市旭北錦町4-58 MEGAドン･キホーテ秋田店1階,018-866-5454
s0152,モーリーファンタジー能代店,秋田県,秋田県能代市柳町11-1 イオン能代店3階,070-3100-4928
s0153,モーリーファンタジー中仙店,秋田県,秋田県大仙市北長野字袴田188 イオン中仙店2階,070-3100-4044
s0154,モーリーファンタジー横手店,秋田県,秋田県横手市安田字向田147 イオン横手店2階,070-3100-4988
s0155,モーリーファンタジー大曲店,秋田県,秋田県大仙市和合字坪立177番地 イオン大曲店2階,070-3100-4589
s0156,モーリーファンタジー御所野店,秋田県,秋田県秋田市御所野地蔵田1-1-1 イオン御所野店3階,070-3100-5448
s0157,モーリーファンタジー秋田中央店,秋田県,秋田県秋田市楢山川口境5-11 イオン秋田中央店3階,070-3100-5376
s0158,モーリーファンタジー本荘店,秋田県,秋田県由利本荘市石脇田中138 イオンスーパーセンター本荘,080-3476-8892
s0159,モーリーファンタジー大館店,秋田県,秋田県大館市大田面238 イオンスーパーセンター大館店1階,070-3100-7392
s0160,イオンスーパーセンター五城目店,秋田県,秋田県南秋田郡五城目町大川西野字田屋前１３８,018-879-8211
s0161,イオンスーパーセンター湯沢店,秋田県,秋田県湯沢市字上萩生田１６２,0183-78-0088
s0162,GiGO天童,山形県,山形県天童市南町1丁目5番26号 ららパーク内,023-656-9370
s0163,ソユーゲームフィールド酒田,山形県,山形県酒田市泉町198イオンタウン酒田内,0234-31-8803
s0164,SOYU Game Field三川店,山形県,山形県東田川郡三川町猪子和田庫１２８－１イオンモール三川１階,0235-68-1561
s0165,namcoイオンモール山形南店,山形県,山形県山形市若宮３－７－８ イオンモール山形南２Ｆ,023-666-3768
s0166,アピナ鶴岡エスモール店,山形県,山形県鶴岡市 錦町 2-21 S-MALL 2F,0235-33-9977
s0167,アピナ鶴岡店,山形県,山形県鶴岡市文下字広野１－１アピナ鶴岡,0235-29-1141
s0168,モーリーファンタジー酒田南店,山形県,山形県酒田市あきほ町120-1 イオン酒田南店1階,070-3100-4873
s0169,モーリーファンタジー山形北店,山形県,山形県山形市馬見ケ崎2-12-19 イオン山形北店2階,070-3100-4887
s0170,モーリーファンタジー東根店,山形県,山形県東根市さくらんぼ駅前3丁目7番15号 イオン東根店2階,070-3100-4015
s0171,モーリーファンタジー山形南店,山形県,山形県山形市若宮3-7-8 イオン山形南店2階,070-3100-5245
s0172,モーリーファンタジー三川店,山形県,山形県東田川郡三川町大字猪子字和田庫128-1 イオン三川店2階,070-3100-5253
s0173,モーリーファンタジー天童店,山形県,山形県天童市芳賀タウン北4丁目1番1号 イオン天童店２階,070-3100-4225
s0174,モーリーファンタジー米沢店,山形県,山形県米沢市春日2-13-4 イオン米沢店2階,070-3100-5149
s0175,GiGO会津若松,福島県,福島県会津若松市町北町大字上荒久田字宮下142,080-3174-3036
s0176,GiGOいわきエブリア,福島県,福島県いわき市鹿島町米田字日渡５ いわきエブリア 2階,080-3543-2948
s0177,GiGO日和田,福島県,福島県郡山市日和田町字西中島7-1,070-1458-5583
s0178,サープラ福島あそびタウン,福島県,福島県福島市栄町1-1パワーシティピボット,024-526-3536
s0179,ソユーエンターテイメントスタジオ須賀川店,福島県,福島県須賀川市古河１０５番イオンタウン須賀川Ｂ棟内,0248-63-8918
s0180,namco郡山西部プラザ店,福島県,福島県郡山市西ノ内２丁目１１－３５ 西部プラザ内,024-925-4617
s0181,namcoイオンタウン郡山店,福島県,福島県郡山市松木町２－８８ イオンタウン郡山,024-943-2715
s0182,タイトーFステーション郡山オリエントパーク店,福島県,福島県郡山市安積町荒井字大久保35-1タイトーFステーション郡山オリエントパーク店,024-946-8222
s0183,モーリーファンタジー白河西郷店,福島県,福島県西白河郡西郷村大字小田倉字岩下11-1 イオン白河西郷店2階,070-3100-4041
s0184,モーリーファンタジーいわき小名浜店,福島県,福島県いわき市小名浜字辰巳町79 イオンモールいわき小名浜店4階,070-3100-5503
s0185,モーリーファンタジー南相馬店,福島県,福島県南相馬市原町区大木戸字金場77 イオンスーパーセンター南相馬,080-3476-8644
s0186,モーリーファンタジーベイシア白河店,福島県,福島県白河市字老久保28 ベイシア白河モール1階,070-3100-3589
s0187,クレーン横丁 極 鏡石店,福島県,福島県岩瀬郡鏡石町桜岡375-9 イオンスーパーセンター鏡石店２階,070-1596-6674
s0188,モーリーファンタジーいわき店,福島県,福島県いわき市平字三倉68-1 イオンいわき店3階,070-3100-5372
s0189,モーリーファンタジー福島店,福島県,福島県福島市南矢野目字西荒田50番地の17 イオン福島店3階,070-3100-3845
s0190,PALO喜多方店,福島県,福島県喜多方市字押切南2丁目42-1 リオンドールガーデンスクエア１階,070-3100-4648
s0191,ヨドバシカメラ マルチメディア郡山,福島県,福島県郡山市駅前１－１６－７,024-931-1010
s0192,イオンスーパーセンター南相馬店,福島県,福島県南相馬市原町区大木戸字金場７７,0244-25-1600
s0193,コジマ×ビックカメラ福島店,福島県,福島県福島市丸子字広町１２－１,024-553-0090
s0194,ユーズランド水戸内原店,茨城県,茨城県水戸市内原2丁目1番地イオンモール水戸内原2F,029-259-1218
s0195,ファミリーらんどDORA古河,茨城県,茨城県古河市雷電町１−１８,080-3915-7713
s0196,GiGO MEGAドン・キホーテ勝田,茨城県,茨城県ひたちなか市石川町1-1 MEGAドン･キホーテ勝田店2F,080-4831-9155
s0197,GiGOショッピングセンターチェリオ鹿嶋,茨城県,茨城県鹿嶋市宮中290-1 ショッピンセンターチェリオ1階,080-4831-9114
s0198,GiGO水戸南,茨城県,茨城県水戸市千波町2017-1 1F,070-1458-6102
s0199,GiGO石岡,茨城県,茨城県石岡市東大橋中峯1976-1,070-1458-8149
s0200,GiGOヒタチエ,茨城県,茨城県日立市幸町1丁目16番1号 ヒタチエ5階,0294-23-2046
s0201,GiGOデイズタウンつくば,茨城県,茨城県つくば市竹園1-9-2デイズタウンB1F,070-1459-0875
s0202,GiGOトナリエクレオつくば,茨城県,茨城県つくば市吾妻1丁目7-1 トナリエクレオ 3F,070-5373-8271
s0203,GiGO水戸,茨城県,茨城県水戸市宮町1-7-44 コムボックス310 3F,070-1458-0665
s0204,ゲームメガ水戸けやき台店,茨城県,茨城県水戸市酒門町3276-1ゲームメガ水戸けやき台店,029-247-1983
s0205,ゲームメガ日立店,茨城県,茨城県日立市東多賀町5-10-10,0294-32-1983
s0206,ソユートイズニューヨーク守谷,茨城県,茨城県守谷市百合ケ丘３―２４９―１イオンタウン守谷２階,0297-47-1685
s0207,タイトーステーション佐原東店,茨城県,茨城県稲敷市西代１４９５パルナ２Ｆ,0299-80-5832
s0208,タイトーステーションイオンタウン水戸南店,茨城県,茨城県東茨城郡茨城町長岡3480-101イオンタウン水戸南,029-219-0755
s0209,namcoイオンモールつくば店,茨城県,茨城県つくば市稲岡６６－１ イオンモールつくば店３Ｆ,029-839-2340
s0210,ジョイフル本田ニューポートひたちなかアミューズパーク,茨城県,茨城県ひたちなか市新光町３４－１ ジョイフル本田ニューポートひたちなか１Ｆ,029-212-4118
s0211,namco iiasつくば店,茨城県,茨城県つくば市研究学園５丁目１９番地 ｉｉａｓつくば店２Ｆ２１９０,0570-087660
s0212,楽市楽座イオン土浦店,茨城県,茨城県土浦市上高津4丁目13－367イオン土浦3階,029-826-8907
s0213,アピナ下館店,茨城県,茨城県筑西市玉戸１０１２－３アピナ下館,0296-28-0033
s0214,ゲームパドック・プラスワン古河店,茨城県,茨城県古河市小堤１９１６－１ゲームパドック・プラスワン古河,0280-98-5161
s0215,ファンタジープラザ上水戸店,茨城県,茨城県水戸市上水戸2-9-10 MEGAドン・キホーテ上水戸店2階,029-251-4385
s0216,モーリーファンタジー下妻店,茨城県,茨城県下妻市堀籠972-1 イオン下妻店2階,070-3100-4886
s0217,モーリーファンタジー佐原東店,茨城県,茨城県稲敷市西代1495 ショッピングセンターパルナ2階,070-3100-4006
s0218,モーリーファンタジー東海店,茨城県,茨城県那珂郡東海村舟石川駅東四丁目1番1号 イオン東海店2階,070-3100-5284
s0219,モーリーファンタジー水戸内原店,茨城県,茨城県水戸市内原2丁目1番地 イオン水戸内原店3階,070-1596-6644
s0220,モーリーファンタジー土浦店,茨城県,茨城県土浦市上高津367番 イオン土浦店3階,070-3100-4588
s0221,モーリーファンタジーつくば店,茨城県,茨城県つくば市稲岡66-1 イオンつくば店３階,070-3100-4255
s0222,モーリーファンタジー高萩店,茨城県,茨城県高萩市安良川231 イオン高萩店2階,070-3100-4215
s0223,モーリーファンタジー笠間店,茨城県,茨城県笠間市赤坂8 イオン笠間店2階,080-4886-2570
s0224,モーリーファンタジー古河店,茨城県,茨城県古河市旭町1-2-17 イオン古河店2階,070-3100-4158
s0225,長崎屋勝田,茨城県,茨城県ひたちなか市石川町１－１,029-273-3810
s0226,イオン笠間店,茨城県,茨城県笠間市赤坂８,0296-70-1700
s0227,タイトーFステーション小山,栃木県,栃木県小山市喜沢１４７５おやまゆうえんハーヴェストウォーク,0285-25-8661
s0228,GiGO足利朝倉,栃木県,栃木県足利市朝倉町244-1,080-7458-5350
s0229,GiGOヨークベニマル御幸ヶ原,栃木県,栃木県宇都宮市御幸ヶ原町５０－１ ヨークベニマル御幸ヶ原店内,080-7717-3328
s0230,テクモピアパルテロン宇都宮店,栃木県,栃木県宇都宮市今泉町２３７番地福田屋ショッピングプラザ宇都宮２階,028-623-4430
s0231,テクモピアインターパーク店,栃木県,栃木県宇都宮市インターパーク6-1-1FKDショッピングモールインターパーク宇都宮店2階,028-657-0230
s0232,タイトーFステーション足利コムファースト店,栃木県,栃木県足利市朝倉町245-5,0284-22-8155
s0233,タイトーステーション宇都宮ベルモール店,栃木県,栃木県宇都宮市陽東６丁目２－１ベルモール２Ｆ,028-613-1358
s0234,namcoイオン栃木店,栃木県,栃木県栃木市箱森町３７－９ イオン栃木店２Ｆ,0282-21-8646
s0235,namcoフェドラP&D佐野店,栃木県,栃木県佐野市高萩町１３４０,0283-85-9518
s0236,namco宇都宮店,栃木県,栃木県宇都宮市簗瀬町１６０６番地１ Ｐ＆Ｄビル,028-638-5011
s0237,namcoロブレ小山店,栃木県,栃木県小山市中央町３－７－１ ロブレ小山店４階,0285-38-6103
s0238,アピナ宇都宮,栃木県,栃木県河内郡上三川町磯岡421-1 ジョイフル本田宇都宮店2F,0285-38-6337
s0239,アピナ小山店,栃木県,栃木県小山市駅南町４－２７－１８アピナ小山,0285-31-0050
s0240,インターパークプラスワン宇都宮店,栃木県,栃木県宇都宮市インターパーク６丁目５－１インターパーク宇都宮南,028-657-6789
s0241,モーリーファンタジー小山店,栃木県,栃木県小山市中久喜1467-1 イオン小山店2階,070-3100-4950
s0242,モーリーファンタジー今市店,栃木県,栃木県日光市豊田字若林79-1 イオン今市店2階,070-3100-4021
s0243,モーリーファンタジー佐野新都市店,栃木県,栃木県佐野市高萩町1324-1 イオン佐野新都市店2階,070-3100-5271
s0244,モーリーファンタジー真岡店,栃木県,栃木県真岡市台町2668 ザ・ビッグ真岡店1階,070-3100-7301
s0245,モーリーファンタジーさくら店,栃木県,栃木県さくら市桜野1551 ザ・ビッグさくら店1階,070-3100-7390
s0246,モーリーファンタジー那須塩原店,栃木県,栃木県那須塩原市島方455 イオンタウン那須塩原店1階,070-3100-4506
s0247,PALO足利店,栃木県,栃木県足利市朝倉2-21-16 ヨークタウン足利店1階,070-3100-5558
s0248,ヨドバシカメラ マルチメディア宇都宮,栃木県,栃木県宇都宮市駅前通り１－４－６ 宇都宮西口ビル８Ｆ,028-616-1010
s0249,MEGAドン・キホーテ黒磯,栃木県,栃木県那須塩原市材木町３－５,0287-62-3810
s0250,ユーズランド高崎店,群馬県,群馬県高崎市棟高町1400イオンモール高崎店2階,027-310-9113
s0251,ユーズランド太田店,群馬県,群馬県太田市石原町８１番地イオンモール太田２階,0276-47-8722
s0252,GiGOスマーク伊勢崎,群馬県,群馬県伊勢崎市西小保方町368 スマーク伊勢崎3F 302区画,070-1458-2998
s0253,タイトーFステーション前橋リリカ,群馬県,群馬県前橋市国領町2-14-1前橋リリカ2F,027-289-4850
s0254,namcoけやきウォーク前橋店,群馬県,群馬県前橋市文京町２－１－１ けやきウォーク前橋２Ｆ,0570-087635
s0255,ファンタジーランドガルー館林店,群馬県,群馬県館林市楠町３６４８－１アピタ館林２階,0276-75-5813
s0256,アピナ吉岡店,群馬県,群馬県北群馬郡吉岡町大久保364-1 ジョイホンパーク吉岡2F,0279-25-7375
s0257,アピナ太田店,群馬県,群馬県太田市内ケ島町９０７－１アピナ太田,0276-48-1489
s0258,群馬レジャーランド高崎駅東口店,群馬県,群馬県高崎市江木町333-1高崎EXビル,027-330-3002
s0259,群馬レジャーランド前橋店,群馬県,群馬県前橋市日吉町4－37－1,027-212-4758
s0260,群馬レジャーランド伊勢崎店,群馬県,群馬県伊勢崎市連取町3066-1,0270-40-5330
s0261,群馬レジャーランド太田店,群馬県,群馬県太田市西矢島町162ー2,0276-47-8030
s0262,群馬レジャーランド藤岡店,群馬県,群馬県藤岡市中2002-1,0274-40-2371
s0263,群馬レジャーランド渋川店,群馬県,群馬県渋川市八木原1364,0279-25-0718
s0264,モーリーファンタジー太田店,群馬県,群馬県太田市石原町81番地 イオン太田店2階,070-3100-4965
s0265,モーリーファンタジーミスターマックス伊勢崎店,群馬県,群馬県伊勢崎市宮子町3556番地1 ミスターマックス伊勢崎店1階,070-3100-4967
s0266,モーリーファンタジー高崎店,群馬県,群馬県高崎市棟高町1400番地 イオン高崎3階,070-3100-4607
s0267,モーリーファンタジー倉賀野店,群馬県,群馬県高崎市倉賀野町4691-1 ミスターマックス倉賀野店1階,070-3100-5527
s0268,モーリーファンタジーガーデン前橋店,群馬県,群馬県前橋市小屋原町472-1 ガーデン前橋1階,070-3100-5544
s0269,LABI1高崎,群馬県,群馬県高崎市栄町１－１,027-345-8811
s0270,アピタ高崎,群馬県,群馬県高崎市矢中町６６８－１,027-346-1001
s0271,MEGAドン・キホーテ桐生,群馬県,群馬県桐生市永楽町５－１０,0277-47-3810
s0272,タイトーFステーションイオンスタイル大宮西口駅前,埼玉県,埼玉県さいたま市大宮区桜木町2-3イオンスタイル大宮西口駅前店内7階,048-657-8728
s0273,ユーズランド春日部店,埼玉県,埼玉県春日部市下柳４２０－１イオンモール春日部２Ｆ,048-745-2501
s0274,GiGOフジモール吹上,埼玉県,埼玉県鴻巣市袋90-1 フジモール吹上 2階,070-1458-5638
s0275,GiGOららテラス川口,埼玉県,埼玉県川口市栄町３丁目５−１ ららテラス川口 8F,080-4202-0245
s0276,GiGO花園,埼玉県,埼玉県深谷市荒川359,070-1458-7304
s0277,GiGOイオンモール浦和美園,埼玉県,埼玉県さいたま市緑区美園5-50-1 イオンモール浦和美園 2階,080-4831-9105
s0278,GiGOアリオ上尾,埼玉県,埼玉県上尾市壱丁目北29番地14 アリオ上尾店 2階,048-729-6125
s0279,GiGOワカバウォーク,埼玉県,埼玉県鶴ヶ島市富士見1-2-1 ﾜｶﾊﾞｳｫｰｸ 2F,070-3354-0985
s0280,GiGO南越谷ラクーン,埼玉県,埼玉県越谷市南越谷1-15-1 ラクーン南越谷2F,080-7468-9101
s0281,GiGOイオンモール与野,埼玉県,埼玉県さいたま市中央区本町西5-2-9 イオンモール与野3F,070-1458-6896
s0282,GiGOららぽーと富士見,埼玉県,埼玉県富士見市山室1-1313 ららぽーと富士見3F 3520区画,070-1458-3085
s0283,GiGOビバモール蕨錦町,埼玉県,埼玉県蕨市錦町1丁目12-1 2階 212区画,070-6973-5081
s0284,GiGO入間,埼玉県,埼玉県入間市東藤沢 2-18,070-1458-7167
s0285,GiGOアトレ川越,埼玉県,埼玉県川越市脇田町105番地アトレ川越1F,070-1449-2976
s0286,GiGOイオンモール川口,埼玉県,埼玉県川口市大字安行領根岸3180番地 イオンモール川口2F・3F,070-1459-7556
s0287,アミュージアム川口店,埼玉県,埼玉県川口市本町2-7-25ミエルかわぐち3F,048-226-2110
s0288,アミュージアム所沢店,埼玉県,埼玉県所沢市小手指台23-1,04-2926-1330
s0289,NICOPA幸手店,埼玉県,埼玉県幸手市上高野764エムズタウン幸手西館1F,0480-40-3285
s0290,あそびライブラリー川口店,埼玉県,埼玉県川口市宮町18-9ララガーデン川口 2F,048-240-2010
s0291,プラサカプコン羽生店,埼玉県,埼玉県羽生市川崎２－２８１－３イオンモール羽生２階,048-560-0700
s0292,ゲオ草加花栗店,埼玉県,埼玉県草加市花栗４－２６－２１ゲオ草加花栗,048-946-1408
s0293,ウェアハウス草加店,埼玉県,埼玉県八潮市南後谷507,0489-30-5261
s0294,サープラ八潮あそびタウン,埼玉県,埼玉県八潮市大瀬1-1-3 フレスポ八潮3F,048-994-5377
s0295,シルクハット川口,埼玉県,埼玉県川口市栄町3-1-16イート川口ビル4階,044-589-4523
s0296,SOYU Game Field熊谷店,埼玉県,埼玉県熊谷市銀座2-245ショッピングセンターニットーモール4階,048-523-3080
s0297,ソユーゲームフィールド菖蒲,埼玉県,埼玉県久喜市菖蒲町菖蒲6005番地1号モラージュ菖蒲3F,0480-87-1955
s0298,タイトーステーション大宮店,埼玉県,埼玉県さいたま市大宮区大門町一丁目１番地タイトーステーション大宮,048-782-5461
s0299,タイトーステーション所沢店,埼玉県,埼玉県所沢市日吉町３番７号スカイビュウビル１、２Ｆ,04-2925-9071
s0300,namcoステラタウン店,埼玉県,埼玉県さいたま市北区宮原町一丁目８５４－１ ステラモール３Ｆ,048-662-4601
s0301,namcoイオンタウンふじみ野店,埼玉県,埼玉県ふじみ野市福岡２－１－６ イオンタウンふじみ野３Ｆ,049-293-4867
s0302,namcoエミテラス所沢店,埼玉県,埼玉県所沢市東住吉１０ エミテラス所沢４階,04-2997-9490
s0303,namcoイオンモール北戸田店,埼玉県,埼玉県戸田市美女木東１－３－１ イオンモール北戸田,048-449-5177
s0304,namco熊谷店,埼玉県,埼玉県熊谷市銀座２丁目９７番地,0570-087675
s0305,ゲーセンクレヨンしんちゃん嵐を呼ぶブリブリシネマスタジオ,埼玉県,埼玉県春日部市南１－１－１ ララガーデン春日部３Ｆ,0570-087611
s0306,バンダイナムコCross Store越谷レイクタウン,埼玉県,埼玉県越谷市レイクタウン３丁目１番地１ イオンレイクタウンｍｏｒｉ３Ｆ,0570-076505
s0307,ラウンドワンスタジアム朝霞,埼玉県,埼玉県朝霞市膝折町2-16-10,048-450-1822
s0308,ラウンドワンさいたま・上里,埼玉県,埼玉県児玉郡上里町金久保394-1 イオンタウン上里内,0495-35-2201
s0309,ラウンドワンスタジアムららぽーと新三郷,埼玉県,埼玉県三郷市新三郷ららシティ3-1-1 ららぽーと新三郷2F 20000番,048-950-7501
s0310,ラウンドワンスタジアム所沢,埼玉県,埼玉県所沢市東町5-22 TOCOTOCOSQUARE所沢6F･7F,04-2940-8631
s0311,楽市楽座イオンモール川口前川店,埼玉県,埼玉県川口市前川１－１－１１イオンモール川口前川３階,048-262-1493
s0312,ゲームシティ川口店,埼玉県,埼玉県川口市栄町1-10-5,048-250-3855
s0313,ゲームスクエア三芳,埼玉県,埼玉県入間郡三芳町藤久保字北新埜855-403 アクロスプラザ三芳内,049-274-2233
s0314,アピナ吉川美南店,埼玉県,埼玉県吉川市美南3丁目25番地1イオンタウン吉川美南内2階,048-983-0077
s0315,アピナ川越店,埼玉県,埼玉県川越市泉町1-1ウニクス南古谷シネマ棟1階,049-230-1068
s0316,アピナ上尾店,埼玉県,埼玉県上尾市緑丘３丁目３番１１－２号ＰＡＰＡ上尾プリンセス棟１階・２階,048-783-4747
s0317,アピナ上里,埼玉県,埼玉県児玉郡上里町七本木2272-1ウニクス上里店2階,0495-71-8551
s0318,埼玉レジャーランド春日部店,埼玉県,埼玉県春日部市増富 字谷際163-1埼玉レジャーランド春日部店,048-763-4061
s0319,アミューズランドモナコ川越店,埼玉県,埼玉県川越市新富町2-4-1 関口池田ビル1F,049-224-2454
s0320,モーリーファンタジー川口前川店,埼玉県,埼玉県川口市前川1丁目1番11号 イオン川口前川店3階,070-3100-4055
s0321,モーリーファンタジー入間店,埼玉県,埼玉県入間市上藤沢462-1 イオン入間店2階,070-3100-5281
s0322,モーリーファンタジー北戸田店,埼玉県,埼玉県戸田市美女木東1-3-1 イオン北戸田店2階,070-3100-4968
s0323,モーリーファンタジー与野店,埼玉県,埼玉県さいたま市中央区本町西5丁目2-9 イオン与野店3階,070-1596-6640
s0324,モーリーファンタジー浦和美園店,埼玉県,埼玉県さいたま市緑区美園5-50-1 イオン浦和美園店3階,070-1596-6637
s0325,モーリーファンタジー狭山店,埼玉県,埼玉県狭山市上奥富1126-1 イオン狭山店2階,070-3100-4537
s0326,モーリーファンタジーレイクタウン店,埼玉県,埼玉県越谷市レイクタウン3丁目1番地 イオンレイクタウンｍｏｒｉ3階,070-3100-4565
s0327,モーリーファンタジー羽生店,埼玉県,埼玉県羽生市川崎2丁目281番地3 イオン羽生店3階,070-3100-4604
s0328,モーリーファンタジー春日部店,埼玉県,埼玉県春日部市下柳420-1 イオン春日部店3階,070-3100-4258
s0329,モーリーファンタジービバモール東松山店,埼玉県,埼玉県東松山市神明町2-11-6 ビバモール東松山店2階,070-3100-3386
s0330,モーリーファンタジー上尾店,埼玉県,埼玉県上尾市愛宕3-8-1 イオンモール上尾2階,070-3100-5578
s0331,モーリーファンタジーふじみ野店,埼玉県,埼玉県ふじみ野市福岡2-1-6 イオンタウンふじみ野3階,070-3100-3479
s0332,モーリーファンタジー川口店,埼玉県,埼玉県川口市安行領根岸3180 イオンモール川口3階,070-3100-5004
s0333,モーリーファンタジー草加マルイ店,埼玉県,埼玉県草加市高砂2-9-1 草加マルイ,070-3100-7496
s0334,PALO熊谷店,埼玉県,埼玉県熊谷市本石2-135 イオン熊谷店3階,070-3100-4102
s0335,モーリーファンタジー大井店,埼玉県,埼玉県ふじみ野市ふじみ野1-2-1 イオン大井店3階,070-3100-4117
s0336,モーリーファンタジー大宮店,埼玉県,埼玉県さいたま市北区櫛引町2-574-1 イオン大宮店3階,070-3100-4289
s0337,モーリーファンタジー上里店,埼玉県,埼玉県児玉郡上里町大字金久保字蓮山359番1 イオンタウン上里2階,070-3100-4505
s0338,イトーヨーカドー和光店,埼玉県,埼玉県和光市丸山台１－９－３,048-468-7111
s0339,ファイヤーボールレイクタウン,埼玉県,埼玉県越谷市東町２－８ レイクタウンＭＯＲＩ３階,048-971-5258
s0340,ヨドバシカメラ マルチメディアさいたま新都心,埼玉県,埼玉県さいたま市大宮区吉敷町４－２６３－６,048-645-1010
s0341,ビックカメラ大宮西口そごう店,埼玉県,埼玉県さいたま市大宮区桜木町１－８－４ そごうパーキング館,048-647-1111
s0342,イトーヨーカドー大宮宮原店,埼玉県,埼玉県さいたま市北区宮原町１－８５４－１,048-654-3111
s0343,イオン南越谷店,埼玉県,埼玉県越谷市南越谷１－２８７６－１,0489-85-6461
s0344,イトーヨーカドーアリオ川口店,埼玉県,埼玉県川口市並木元町１－７９,048-257-0111
s0345,MEGAドン・キホーテ蓮田,埼玉県,埼玉県蓮田市東４－５－１３,048-765-3810
s0346,タイトーFステーションイオン新松戸,千葉県,千葉県松戸市新松戸3丁目2-2イオン新松戸4階,047-382-5090
s0347,アミューズメントパフェパレパレ稲毛長沼店,千葉県,千葉県千葉市稲毛区長沼原町７３１−１７ フレスポ稲毛,043-304-7878
s0348,GiGO柏,千葉県,千葉県柏市柏1-1-11 ファミリかしわ内B1F,070-1458-8445
s0349,GiGO MEGAドン・キホーテUNY市原,千葉県,千葉県市原市青柳北1-1 MEGAﾞﾄﾞﾝ・ｷﾎｰﾃUNY市原店 2F,070-1563-2671
s0350,GiGOららぽーと柏の葉,千葉県,千葉県柏市若柴175 ららぽーと柏の葉3F,04-7168-1851
s0351,GiGOそよら成田ニュータウン,千葉県,千葉県成田市赤坂2丁目1-10 そよら成田ニュータウン5F 510区画,070-5016-0851
s0352,GiGOイオン新浦安ショッピングセンター,千葉県,千葉県浦安市入船1-4-1 イオンスタイル新浦安4F,070-1201-3891
s0353,GiGO幕張,千葉県,千葉県千葉市美浜区ひび野1-8 メッセ･アミューズ･モール1F,070-1458-0443
s0354,GiGO稲毛オーツーパーク,千葉県,千葉県千葉市稲毛区園生町380-1,070-1458-7769
s0355,GiGOららぽーとTOKYO-BAY,千葉県,千葉県船橋市浜町２丁目１番１号 ららぽーとＴＯＫＹＯ－ＢＡＹ西館３階,080-3543-2955
s0356,GiGOイオンモール津田沼South,千葉県,千葉県習志野市津田沼1丁目10番の30,080-4856-7638
s0357,アミュージアム稲毛店,千葉県,千葉県千葉市稲毛区小仲台１－４－２０イオン稲毛２Ｆ,043-284-1220
s0358,アミュージアム茂原店,千葉県,千葉県茂原市高師１６１９－１,0475-25-9996
s0359,アミュージアムあすみが丘,千葉県,千葉県千葉市緑区 あすみが丘 7-1 あすみが丘ブランニューモール2F,070-3277-0056
s0360,君津の湯,千葉県,千葉県君津市外箕輪154,0439-57-2641
s0361,NICOPAマリンピア店,千葉県,千葉県千葉市美浜区高洲3-13-1マリンピア4階,043-441-6346
s0362,NICOPAアクロスモール新鎌ヶ谷店,千葉県,千葉県鎌ヶ谷市新鎌ヶ谷2-12-1アクロスモール新鎌ヶ谷2階,047-441-5399
s0363,ゲームランド千葉ニュータウン店,千葉県,千葉県印西市中央北３丁目３番イオン千葉ニュータウン２階,0476-48-4248
s0364,プラサカプコン成田店,千葉県,千葉県成田市ウイング土屋24イオンモール成田2F,0476-94-7188
s0365,ゲームランドちはら台店,千葉県,千葉県市原市ちはら台西3-4unimoちはら台ショッピングセンター2階,0436-76-0366
s0366,プラサカプコン富津店,千葉県,千葉県富津市青木1-5-1イオンモール富津2F,0439-80-1840
s0367,シルクハット津田沼,千葉県,千葉県習志野市津田沼1-2-1十三ビル 地下1階,044-589-4523
s0368,パラボランド東金店,千葉県,千葉県東金市東岩崎8番10号サンピア3F,0475-54-1298
s0369,ゲームフィールド千城台店,千葉県,千葉県千葉市若葉区千城台北3-21-1イコアス千城台3F,043-308-6243
s0370,ソユーゲームフィールド幕張店,千葉県,千葉県千葉市花見川区幕張町4-417-25イトーヨーカドー幕張2階,043-350-0157
s0371,タイトーステーション旭サンモール店,千葉県,千葉県旭市イ－２６７６－１イオン旭３Ｆ,0479-62-5215
s0372,ハロータイトー流山,千葉県,千葉県流山市流山９丁目８００２号イトーヨーカドー流山,0471-58-6800
s0373,タイトーステーション船橋,千葉県,千葉県船橋市本町１丁目６－１タイトーステーション船橋,0474-36-8135
s0374,タイトーステーション柏店,千葉県,千葉県柏市柏２－３－１フーサワビル,04-7164-0866
s0375,タイトーステーション茂原アスモ店,千葉県,千葉県茂原市高師１７３５茂原ショッピングプラザアスモ２Ｆ,0475-24-6602
s0376,タイトーステーションアリオ蘇我店,千葉県,千葉県千葉市中央区川崎町５２－７アリオ蘇我２階,043-209-6761
s0377,namcoイオンモール船橋店,千葉県,千葉県船橋市山手１丁目１番８号,047-437-6612
s0378,namcoテラスモール松戸店,千葉県,千葉県松戸市八ヶ崎２－８－１ テラスモール松戸店３Ｆ,047-710-3437
s0379,namco松戸店,千葉県,千葉県松戸市松戸１２３０番地１ ピアザ松戸１Ｆ,047-711-7274
s0380,namco流山おおたかの森S・C店,千葉県,千葉県流山市おおたかの森南一丁目５番地の１ 流山おおたかの森Ｓ・Ｃ ３Ｆ,0570-087612
s0381,namcoイオンモール幕張新都心店,千葉県,千葉県千葉市美浜区豊砂１－１ イオンモール幕張新都心 グランドモール３階,043-306-4765
s0382,namcoイオンモール八千代緑が丘店,千葉県,千葉県八千代市緑ヶ丘２－１－３ イオンモール八千代緑ヶ丘４Ｆ,0570-087607
s0383,namcoシェラトントーキョーベイ店,千葉県,千葉県浦安市舞浜１－９,047-382-8088
s0384,イオンタウンユーカリが丘ゲームコーナー,千葉県,千葉県佐倉市西ユーカリが丘６丁目１２番地の３,043-309-6771
s0385,namcoアリオ市原店,千葉県,千葉県市原市更級４－３－２ アリオ市原２Ｆ,0570-087606
s0386,ラウンドワンスタジアムアリオ柏,千葉県,千葉県柏市大島田1-6-1 セブンパークアリオ柏 1070,04-7190-1201
s0387,アピナ野田七光台,千葉県,千葉県野田市七光台4-2 イオンタウン野田七光台内,04-7127-1137
s0388,アピナ印西店,千葉県,千葉県印西市原1-2ビックホップガーデンモール印西2階,0476-48-5841
s0389,アピナ市原店,千葉県,千葉県市原市更級4-2-1アクロスプラザ市原更級,0436-26-0011
s0390,タイトーFステーション市川妙典店,千葉県,千葉県市川市妙典4-1-1イオン市川妙典2番街2階,047-318-3933
s0391,スポーツウェーブ鉄腕24浜野店,千葉県,千葉県千葉市中央区浜野町1025-59,043-300-8033
s0392,千葉レジャーランド野田店,千葉県,千葉県野田市吉春鎌田776-1,047-120-3535
s0393,千葉レジャーランド成東店,千葉県,千葉県山武市姫島111-1,0475-80-1777
s0394,スポーツウェーブ鉄腕24稲毛長沼店,千葉県,千葉県千葉市稲毛区長沼原町697,043-215-5560
s0395,キャッツアイ八千代店,千葉県,千葉県八千代市緑が丘西2丁目13番地3 ism緑が丘内,047-480-0231
s0396,モーリーファンタジーノア店,千葉県,千葉県野田市中根36-1 イオンノア店1階,070-3100-4913
s0397,モーリーファンタジー鎌取店,千葉県,千葉県千葉市緑区おゆみ野3丁目16番地 イオンスタイル鎌取店3階,070-3100-4029
s0398,モーリーファンタジー八街店,千葉県,千葉県八街市文違301 イオン八街店1階,070-3100-4039
s0399,モーリーファンタジー成田店,千葉県,千葉県成田市ウイング土屋24番地 イオン成田店2階,070-3100-4025
s0400,モーリーファンタジー千葉ニュータウン店,千葉県,千葉県印西市中央北3丁目1番1 イオン千葉ニュータウン店3階,070-3100-4051
s0401,モーリーファンタジー津田沼店,千葉県,千葉県習志野市津田沼1丁目23番1号 イオン津田沼店3階,070-3100-4960
s0402,モーリーファンタジー鎌ヶ谷店,千葉県,千葉県鎌ヶ谷市新鎌ヶ谷2丁目7番1号 イオン鎌ヶ谷店2階,070-3100-4995
s0403,モーリーファンタジー八千代緑が丘店,千葉県,千葉県八千代市緑が丘2丁目1-3 イオン八千代緑が丘店4階,070-1596-6646
s0404,モーリーファンタジー柏店,千葉県,千葉県柏市豊町2丁目5番25号 イオン柏店2階,070-3100-4533
s0405,モーリーファンタジー銚子店,千葉県,千葉県銚子市三崎町2丁目2660-1 イオン銚子店2階,070-3100-4259
s0406,モーリーファンタジー船橋店,千葉県,千葉県船橋市山手1丁目1番地8号 イオン船橋店3階,070-3100-4275
s0407,モーリーファンタジー幕張新都心店,千葉県,千葉県千葉市美浜区豊砂1-5 イオンモール幕張新都心店ファミリーモール２階,070-3100-4250
s0408,モーリーファンタジー木更津店,千葉県,千葉県木更津市築地1-4 イオン木更津店2階,070-3100-4232
s0409,モーリーファンタジーユーカリが丘店,千葉県,千葉県佐倉市ユーカリが丘7-3-14 イオンスタイルユーカリが丘店3階,070-3100-3764
s0410,モーリーファンタジーソコラ南行徳店,千葉県,千葉県市川市南行徳2-20-25 ソコラ南行徳店内,070-3100-3776
s0411,モーリーファンタジー市川妙典店,千葉県,千葉県市川市妙典5-3-1 イオン市川妙典店3階,070-3100-3532
s0412,モーリーファンタジー館山店,千葉県,千葉県館山市八幡545-1 イオン館山店1階,070-3100-7404
s0413,モーリーファンタジーおゆみ野店,千葉県,千葉県千葉市緑区おゆみ野南5丁目37-1 イオンタウンおゆみ野2階,070-3100-4508
s0414,モーリーファンタジー長浦店,千葉県,千葉県袖ヶ浦市長浦駅前1-7 イオン長浦店２階,070-3100-3771
s0415,PALO市川店,千葉県,千葉県市川市鬼高1丁目1-1 ニッケコルトンプラザ2階,070-3100-3769
s0416,イオン新浦安店,千葉県,千葉県浦安市入船１－４－１,0473-50-1147
s0417,イトーヨーカドーアリオ柏店,千葉県,千葉県柏市大島田1丁目６－１,04-7190-0111
s0418,ビックカメラ柏店,千葉県,千葉県柏市柏１－１－２０ スカイプラザ柏,04-7165-1111
s0419,ヨドバシカメラ マルチメディア千葉,千葉県,千葉県千葉県千葉市中央区新町１００１ ヨドバシHD千葉ビル,043-224-1010
s0420,イトーヨーカドーアリオ蘇我店,千葉県,千葉県千葉市中央区川崎町５２－７,043-268-7511
s0421,MEGAドン・キホーテUNY市原,千葉県,千葉県市原市青柳北一丁目1番,0436-20-0511
s0422,アピタ木更津,千葉県,千葉県木更津市ほたる野４－２－４８,0438-30-5311
s0423,テックランドNew木更津請西本店,千葉県,千葉県木更津市請西南２－２７－１,0438-38-2021
s0424,イトーヨーカドーアリオ市原店,千葉県,千葉県市原市更級４－３－２,0436-20-1111
s0425,ユーズランド日の出店,東京都,東京都西多摩郡日の出町平井字三吉野桜木237－3イオンモール日の出3階,042-588-8177
s0426,GiGOアメリア稲城ショッピングセンター,東京都,東京都稲城市矢野口２２８４－１ アメリア稲城ＳＣ内２Ｆ,070-3603-7630
s0427,GiGO府中,東京都,東京都府中市西原町1-6-2 フレスポ府中1Ｆ・2Ｆ,070-1458-7315
s0428,GiGOラパーク瑞江,東京都,東京都江戸川区瑞江2-1-2 ドン･キホーテ ラパーク瑞江店4F,070-1201-3904
s0429,GiGOマルエツ新糀谷,東京都,東京都大田区萩中2-12-5 ﾏﾙｴﾂ新糀谷店 2Ｆ,070-1460-0989
s0430,GiGO南町田グランベリーパークキッズディスカバリー,東京都,東京都町田市鶴間3丁目4-1キッズディスカバリー2階E201区画,070-1458-3169
s0431,GiGO竹の塚,東京都,東京都足立区竹の塚6丁目8番6号 ピーくんPlaza-B,070-1458-9285
s0432,GiGOイトーヨーカドー八王子,東京都,東京都八王子市狭間町1462番地1 イトーヨーカドー八王子店3階 305区画,080-7711-4612
s0433,GiGOアリオ葛西,東京都,東京都江戸川区東葛西9-3-3 アリオ葛西3F,070-1458-8152
s0434,GiGO新宿西口,東京都,東京都新宿区西新宿1-12-5,03-3349-0257
s0435,GiGO成増,東京都,東京都板橋区成増2-17-24 成増GRAVITY,070-1459-3563
s0436,GiGOイオンモールむさし村山,東京都,東京都武蔵村山市榎1-1-3 イオンモールむさし村山2F,070-1458-3080
s0437,GiGO東京ドームシティ,東京都,東京都文京区後楽1-3-61,070-1458-2548
s0438,GiGO高田馬場,東京都,東京都新宿区高田馬場4-7-5,070-1450-1280
s0439,GiGO赤羽駅前,東京都,東京都北区赤羽1-2-4,070-1458-9504
s0440,GiGO調布,東京都,東京都調布市布田4丁目2-4,070-1517-3693
s0441,GiGO有明ガーデン,東京都,東京都江東区有明2-1-8 有明ガーデン５F 501区画,070-1458-4741
s0442,GiGO総本店,東京都,東京都豊島区東池袋一丁目13番6号ロクマルゲート池袋 B1F～3F,080-7018-7351
s0443,GiGO秋葉原3号館,東京都,東京都千代田区外神田1-11-11 外神田１丁目ビルディング,070-1458-2284
s0444,AM PLABI田無アスタ専門店街,東京都,東京都西東京市田無町２－１－１ 田無アスタ専門店街３階,080-7711-4728
s0445,アミュージアムモリタウン昭島店,東京都,東京都昭島市代官山2-3-1モリタウン東館2階,042-541-0847
s0446,アミュージアムOSC店,東京都,東京都練馬区東大泉2-34-1T・ジョイ大泉2F,03-5933-0880
s0447,アミュージアム大泉店,東京都,東京都練馬区東大泉2-10-11LIVINオズ大泉5F,03-5933-2041
s0448,NICOPA仙川店,東京都,東京都調布市若葉町2-1-7島忠ホームズ仙川2階,03-5315-5535
s0449,プラサカプコン池袋店,東京都,東京都豊島区東池袋1-30-3 キュープラザ3階,03-5904-9105
s0450,プラサカプコン吉祥寺店,東京都,東京都武蔵野市吉祥寺本町１－１０－１いなりやビル１階,0422-23-5201
s0451,プラサカプコン府中店,東京都,東京都府中市宮町1-41-2ミッテン府中店7階,042-310-9779
s0452,プラサカプコンららテラス北綾瀬店,東京都,東京都足立区谷中4丁目8－1ららテラス北綾瀬,03-5856-1334
s0453,キャロム青梅店,東京都,東京都青梅市千ヶ瀬町4-326-1,0428-23-9208
s0454,アミューズメント&ゲーム マグレブ,東京都,東京都多摩市落合1丁目39-2 マグレブビル1F,042-371-5556
s0455,シルクハット蒲田西口,東京都,東京都大田区西蒲田7-2-3第二醍醐ビル地下1階ー2階,044-589-4523
s0456,シルクハット八王子,東京都,東京都八王子市旭町2-5八王子ツインタワービルA館,044-589-4523
s0457,シルクハット秋葉原,東京都,東京都千代田区外神田1丁目10-9,044-589-4523
s0458,ソユーゲームフィールド南大沢店,東京都,東京都八王子市南大沢2-28-1イトーヨーカドー南大沢3階,042-670-8153
s0459,タイトーステーション新宿歌舞伎町店,東京都,東京都新宿区歌舞伎町1-23-1,03-6205-6290
s0460,タイトーステーションBIGFUN平和島店,東京都,東京都大田区平和島 1-1-1BIGFUN平和島3F,03-5762-7446
s0461,Hey,東京都,東京都千代田区外神田1-10-5広瀬本社ビル3F,03-5209-2030
s0462,タイトーステーション浅草,東京都,東京都台東区浅草１－２７－３タイトーステーション浅草,03-3836-7785
s0463,タイトーステーション錦糸町楽天地店,東京都,東京都墨田区江東橋4-27-14楽天地ビル地下1階,03-5638-0701
s0464,タイトーステーション南砂町SUNAMO店,東京都,東京都江東区新砂3-4-31SUNAMO内,03-6666-8395
s0465,タイトーステーション渋谷店,東京都,東京都渋谷区渋谷1－24－12渋谷東映プラザB1F,03-5467-6565
s0466,タイトーステーション新宿南口ゲームワールド店,東京都,東京都新宿区新宿3－35－8ワールドビル,03-3226-0395
s0467,タイトーステーションBIGBOX高田馬場,東京都,東京都新宿区高田馬場１－３５－３ＢＩＧＢＯＸ６階,03-5272-9855
s0468,タイトーステーション池袋西口,東京都,東京都豊島区西池袋1丁目15番9号第一西池ビルB1－5階,03-6907-3560
s0469,タイトーステーション国分寺店,東京都,東京都国分寺市本町3-5-11,042-312-0575
s0470,タイトーステーション立川北口店,東京都,東京都立川市曙町2-4-5,042-512-9651
s0471,タイトーステーション町田店,東京都,東京都町田市原町田６－２１－２３松山ビル１Ｆ,042-739-6196
s0472,タイトーステーション多摩センター丘の上パティオ店,東京都,東京都多摩市落合1-45-2丘の上パティオ新館,042-401-8237
s0473,サンポップマチヤ,東京都,東京都荒川区荒川7-50-9,03-3809-2611
s0474,namcoイトーヨーカドー曳舟店,東京都,東京都墨田区京島１－２－１ イトーヨーカドー曳舟店４Ｆ,03-6657-0091
s0475,namco池袋店,東京都,東京都豊島区東池袋１－２２－１０ ヒューマックスパビリオン池袋サンシャイン６０通り １Ｆ,03-5924-6933
s0476,namcoイトーヨーカドー木場店,東京都,東京都江東区木場１－５－３０ イトーヨーカドー木場店３Ｆ,03-3647-5205
s0477,namco東急プラザ蒲田店,東京都,東京都大田区西蒲田７丁目６９番１号 東急プラザ蒲田７階,03-6428-6725
s0478,namcoイオン練馬店,東京都,東京都練馬区光が丘５－１－１ イオン練馬店３Ｆ,03-3979-9669
s0479,namco王子サンスクエア店,東京都,東京都北区王子１－４－１ サンスクエア２階,03-5959-9830
s0480,namco中野店,東京都,東京都中野区中野５－５２－１５ 中野ブロードウェイ別館,03-5380-5442
s0481,namcoマークイズ葛飾かなまち店,東京都,東京都葛飾区東金町１ー１０－１ ＭＡＲＫ ＩＳ 葛飾かなまち３階３１０区,03-5876-4554
s0482,namcoららぽーと立川立飛おまけ横丁店,東京都,東京都立川市泉町９３５番１ ららぽーと立川立飛店３Ｆ３０１０区画,042-512-5175
s0483,バンダイナムコCross Storeアトレ秋葉原店,東京都,東京都千代田区外神田１－１７－６ アトレ１ ２階,03-5289-3879
s0484,ラウンドワンスタジアムダイバーシティ東京プラザ,東京都,東京都江東区青海1-1-10 ダイバーシティ東京プラザ6F 61000番,03-3527-8491
s0485,ラウンドワンクレーンゲームパーク調布駅前,東京都,東京都調布市小島町1-35-5 調布アミックスビル2F,042-440-2611
s0486,ゲームパーク石神井公園,東京都,東京都練馬区石神井町3-17-16,03-3997-3799
s0487,アピナ荻窪店,東京都,東京都杉並区上荻1-13-10,03-3393-6665
s0488,アピナ八王子みなみ野店,東京都,東京都八王子市みなみ野1-2-1アクロスモール3階,042-635-3928
s0489,東京レジャーランド秋葉原店,東京都,東京都千代田区外神田1-9-5,03-5298-1360
s0490,東京レジャーランド亀有店,東京都,東京都葛飾区亀有3-21-2,03-5680-8893
s0491,東京レジャーランド吉祥寺店,東京都,東京都武蔵野市吉祥寺本町1-3-7YSビル地下1階4階,0422-27-2200
s0492,タイトーFステーションオリナス錦糸町店,東京都,東京都墨田区太平4―1-2オリナスモール地下1階,03-5610-7376
s0493,東京レジャーランド池袋店,東京都,東京都豊島区東池袋1-29-1サントロペ池袋ビル2・3階,03-5904-8388
s0494,キャッツアイ西葛西店,東京都,東京都江戸川区西葛西4-2-28サニーモール西葛西3F,03-5878-3185
s0495,モーリーファンタジー南砂店,東京都,東京都江東区南砂6-7-15 イオン南砂店3階,070-3100-4050
s0496,モーリーファンタジー品川シーサイド店,東京都,東京都品川区東品川4丁目12-5 イオン品川シーサイド店2階,070-3100-5244
s0497,モーリーファンタジー葛西店,東京都,東京都江戸川区西葛西3-9-19 イオン葛西店3階,070-3100-5258
s0498,モーリーファンタジーむさし村山店,東京都,東京都武蔵村山市榎1丁目1番3号 イオンむさし村山店3階,070-3100-4551
s0499,モーリーファンタジー日の出店,東京都,東京都西多摩郡日の出町大字平井字三吉野桜木237番3 イオン日の出店3階,070-3100-4563
s0500,モーリーファンタジー東久留米店,東京都,東京都東久留米市南沢5丁目17 イオン東久留米店3階,070-3100-4251
s0501,モーリーファンタジー多摩平の森店,東京都,東京都日野市多摩平2丁目4番1 イオンモール多摩平の森3階,070-3100-4226
s0502,モーリーファンタジークルネ店,東京都,東京都東久留米市野火止１丁目３-３ クルネ1階,070-3100-4120
s0503,モーリーファンタジー東雲店,東京都,東京都江東区東雲1丁目9-10 イオン東雲2階,080-7026-8638
s0504,PRIZE SPOT PALOグリナード永山店,東京都,東京都多摩市永山1-4 グリナード永山3階,080-4886-2782
s0505,クレーン横丁 八王子店,東京都,東京都八王子市東町11-3 八王子センチュリーステーションビル1階,070-3100-6086
s0506,PRIZE SPOT PALO LIVIN田無店,東京都,東京都西東京市田無町2-1-1 西友1階,080-7301-3074
s0507,モーリーファンタジー板橋店,東京都,東京都板橋区徳丸2丁目6番地1 イオン板橋店3階,070-3100-4168
s0508,モーリーファンタジー小平店,東京都,東京都小平市小川東町2-12-1 ダイエー小平店2階,070-3100-5582
s0509,イトーヨーカドー大森店,東京都,東京都大田区大森北２－１３－１,03-5762-0111
s0510,LABI品川大井町,東京都,東京都品川区東大井５－２０－１,03-5479-7600
s0511,LABI自由が丘,東京都,東京都東京都目黒区緑が丘２－１７－９,03-5731-7255
s0512,博品館TOYPARK銀座本店,東京都,東京都中央区銀座８－８－１１,03-3571-8008
s0513,ビックカメラ赤坂見附駅店,東京都,東京都港区赤坂３－１－６,03-6230-1111
s0514,LABI渋谷,東京都,東京都渋谷区道玄坂２－９－２０,03-5456-6300
s0515,ヨドバシカメラ新宿西口本店,東京都,東京都新宿区西新宿１－１１－１ ゲーム・ホビー館,03-3346-1010
s0516,LABI新宿西口館,東京都,東京都新宿区西新宿１－１８－８,03-5339-0511
s0517,ビックカメラ新宿東口店,東京都,東京都新宿区新宿３－２９－１,03-3226-1111
s0518,ヨドバシカメラ マルチメディア上野,東京都,東京都台東区上野４－１０－１０ マルチメディア上野２号店,03-3837-1010
s0519,ビックカメラ池袋本店,東京都,東京都豊島区東池袋１－４１－５,03-5396-1111
s0520,ヨドバシカメラ マルチメディア池袋,東京都,東京都豊島区南池袋1-28-1 ヨドバシカメラ池袋店 5階玩具売場,03-5951-1010
s0521,イトーヨーカドーアリオ北砂店,東京都,東京都江東区北砂２－１７,03-3640-7111
s0522,ヨドバシカメラ マルチメディア錦糸町,東京都,東京都墨田区江東橋３－１４－５ 錦糸町ステーションビルテルミナ２Ｆ,03-3632-1010
s0523,イトーヨーカドーアリオ西新井店,東京都,東京都足立区西新井栄町１－２０－１,03-3852-9111
s0524,イトーヨーカドー赤羽店,東京都,東京都北区赤羽西１－７－１,03-3905-5111
s0525,イトーヨーカドーアリオ葛西店,東京都,東京都江戸川区東葛西９－３－３,03-5675-1011
s0526,ドン・キホーテラパーク瑞江,東京都,東京都江戸川区瑞江２－１－２,03-3698-3810
s0527,イトーヨーカドーアリオ亀有店,東京都,東京都葛飾区亀有３－４９－３,03-3838-5111
s0528,ヨドバシカメラ マルチメディア町田,東京都,東京都町田市原町田１－１－１１,042-721-1010
s0529,ビックカメラ立川店,東京都,東京都立川市曙町２－１２－２,042-548-1111
s0530,ヨドバシカメラ八王子,東京都,東京都八王子市東町７－４,0426-43-1010
s0531,ドン・キホーテ八王子駅前,東京都,東京都八王子市中町１－３,042-646-3810
s0532,ビックカメラJR八王子駅店,東京都,東京都八王子市旭町１－１７,042-646-1111
s0533,イトーヨーカドー多摩センター店,東京都,東京都多摩市落合１－４４,0423-74-6111
s0534,テックランド聖蹟桜ヶ丘店,東京都,東京都多摩市関戸4丁目72番地,042-400-5501
s0535,イトーヨーカドー国領店,東京都,東京都調布市国領町８－２－６４,03-3430-2111
s0536,ビックカメラ京王調布店,東京都,東京都調布市小島町２－４８－６ トリエ京王調布Ｂ館,042-444-1111
s0537,ヨドバシカメラ マルチメディア吉祥寺,東京都,東京都武蔵野市吉祥寺本町１－１９－１ ５Ｆ,0422-29-1010
s0538,イトーヨーカドー武蔵境店,東京都,東京都武蔵野市境南町２丁目２－２０,0422-31-2111
s0539,ヨドバシカメラ マルチメディアAkiba,東京都,東京都千代田区神田花岡町１－１ ６Ｆ,03-5209-1010
s0540,ビックカメラアウトレット×ソフマップ町田店,東京都,東京都町田市原町田６－７－８ Tips町田１F,050-3032-9888
s0541,イトーヨーカドー木場店,東京都,東京都江東区木場１－５－３０,03-5606-5234
s0542,ビックカメラ有楽町店,東京都,東京都千代田区有楽町１－１１－１,03-5221-1111
s0543,タイトーFステーション向ケ丘遊園,神奈川県,神奈川県川崎市多摩区登戸2718-1,044-281-3500
s0544,GiGO本藤沢,神奈川県,神奈川県藤沢市本藤沢5-6-8,070-6437-6046
s0545,GiGOイオンスタイル東神奈川,神奈川県,神奈川県横浜市神奈川区富家町1 ｲｵﾝｽﾀｲﾙ東神奈川 4F,080-7185-4075
s0546,GiGOアリオ橋本,神奈川県,神奈川県相模原市緑区大山町１－２２ アリオ橋本店内２階,042-703-0133
s0547,GiGOクレーンゲームオアシス都筑,神奈川県,神奈川県横浜市都筑区川和町846-1,080-7458-5926
s0548,GiGO海老名,神奈川県,神奈川県海老名市中央1-4-31 海老名プラザビル1F,070-1458-9763
s0549,GiGO港北インター,神奈川県,神奈川県横浜市都筑区東方町321-6,045-474-6604
s0550,GiGOセンター南,神奈川県,神奈川県横浜市都筑区茅ケ崎中央3-25,070-1459-0779
s0551,GiGOホームズ川崎大師,神奈川県,神奈川県川崎市川崎区中瀬３－２０－２０ ホームズ川崎大師店内２階,080-7717-3152
s0552,イトーヨーカドーららぽーと横浜2Fゲームコーナー,神奈川県,神奈川県横浜市都筑区池辺町4035-1 ｲﾄｰﾖｰｶﾄﾞｰららぽーと横浜2F,080-4408-4617
s0553,キッズトレイン相模原店,神奈川県,神奈川県相模原市松ヶ枝町17-1イトーヨーカドー相模原4階,042-743-7330
s0554,NICOPA横浜四季の森フォレオ店,神奈川県,神奈川県横浜市旭区上白根3-41-1横浜四季の森フォレオ3階,045-959-3550
s0555,カプコミクスみなとみらい店,神奈川県,神奈川県横浜市西区みなとみらい三丁目5番1号 4階404区画,045-264-8268
s0556,プラサカプコン横須賀店,神奈川県,神奈川県横須賀市若松町２－３０モアーズシティ４階ゲームコーナー,0468-20-4450
s0557,サープラ横浜あそびタウン,神奈川県,神奈川県横浜市都筑区中川中央1-25―1ノースポート・モール6階,045-914-7386
s0558,Hapipi Landこどもの国,神奈川県,神奈川県横浜市青葉区奈良町1-2-1スーパー三和内3階,070-1479-6613
s0559,シルクハット川崎ダイス,神奈川県,神奈川県川崎市川崎区駅前本町8番地ダイスビル地下2階,044-589-4523
s0560,シルクハット川崎モアーズ,神奈川県,神奈川県川崎市川崎区駅前本町7番地岡田屋モアーズ1・2階,044-589-4523
s0561,シルクハットマルイファミリー海老名,神奈川県,神奈川県海老名市中央1-6-1マルイファミリー海老名3階,044-589-4523
s0562,シルクハット本厚木,神奈川県,神奈川県厚木市中町3-4-22第二会田ビル2F,044-589-4523
s0563,SOYU Game Field湘南店,神奈川県,神奈川県藤沢市辻堂新町4-1-1湘南モ-ルフィル2階,0466-31-6323
s0564,プレイランド川崎店,神奈川県,神奈川県川崎市川崎区小田栄二丁目２－１イトーヨーカドー川崎３階,044-328-0013
s0565,ソユーゲームフィールド上大岡店,神奈川県,神奈川県横浜市港南区上大岡西一丁目18番3号ミオカリスト館6階,045-846-5281
s0566,プレイランド大和鶴間店,神奈川県,神奈川県大和市下鶴間１－３－１イトーヨーカドー大和鶴間３階,046-200-0240
s0567,ソユーゲームフィールド橋本店,神奈川県,神奈川県相模原市緑区西橋本5丁目4番3号コトエ橋本2F,042-703-8191
s0568,タイトーステーション溝の口店,神奈川県,神奈川県川崎市高津区溝口1-11-8OKKA634ビル1F,044-328-9262
s0569,タイトーステーション横浜西口五番街店,神奈川県,神奈川県横浜市西区南幸１－１２－９タイトーステーション横浜西口五番街,045-411-5288
s0570,タイトーステーション海老名ビナウォーク店,神奈川県,神奈川県海老名市中央1ー18-1ビナウォーク6番館2F,046-292-5160
s0571,タイトーステーション戸塚西口店,神奈川県,神奈川県横浜市戸塚区戸塚町４０２３番地,045-881-6757
s0572,タイトーステーション小田原店,神奈川県,神奈川県小田原市栄町１－３－１２,0465-23-2473
s0573,タイトーステーション藤沢店,神奈川県,神奈川県藤沢市南藤沢21-1,0466-47-9153
s0574,タイトーステーション小田原シティーモール店,神奈川県,神奈川県小田原市前川120小田原シティーモールクレッセ2F,0465-45-5052
s0575,タイトーステーション川崎 ラ チッタデッラ,神奈川県,神奈川県川崎市川崎区小川町1-18ラチッタデッラ内ビバーチェ内,044-276-9330
s0576,イオン新百合ヶ丘ファミリーパーク,神奈川県,神奈川県川崎市麻生区上麻生１－１９ イオン新百合ヶ丘店４Ｆ,044-952-5283
s0577,namcoOSC湘南シティ店,神奈川県,神奈川県平塚市代官町３３番地１ ＯＳＣ湘南シティ内,0463-24-1181
s0578,namcoコースカベイサイドストアーズ(横須賀),神奈川県,神奈川県横須賀市本町２－１－１２ コースカベイサイドストアーズ５Ｆ,0570-087608
s0579,namcoトレッサ横浜店,神奈川県,神奈川県横浜市港北区師岡町７００番地 トレッサ横浜３Ｆ,045-642-8772
s0580,namco横浜ワールドポーターズ店,神奈川県,神奈川県横浜市中区新港二丁目２番１号 横浜ワールドポーターズ５Ｆ,045-222-2567
s0581,namcoイオンモール座間店,神奈川県,神奈川県座間市広野台２丁目１０－４ イオンモール座間店３Ｆ,046-244-0641
s0582,namcoラゾーナ川崎店,神奈川県,神奈川県川崎市幸区堀川町７２－１ ＬＡＺＯＮＡ川崎プラザ４階,044-589-3004
s0583,namco港北TOKYU S.C.店,神奈川県,神奈川県横浜市都筑区茅ケ崎中央５－１ 港北ＴＯＫＹＵ Ｓ．Ｃ．,045-948-5105
s0584,namcoダイナシティ小田原店,神奈川県,神奈川県小田原市中里２０８ ４階,0465-20-5871
s0585,キッズプラザきゃらんど立場店,神奈川県,神奈川県横浜市泉区中田西１－１－１５ イトーヨーカドー立場店３Ｆ,045-805-5866
s0586,ラウンドワンららぽーと湘南平塚,神奈川県,神奈川県平塚市天沼10-1 ららぽーと湘南平塚3F,0463-25-4051
s0587,ラウンドワン横浜駅西口,神奈川県,神奈川県横浜市西区南幸2-8-16,045-412-0880
s0588,ラウンドワンさいか屋横須賀,神奈川県,神奈川県横須賀市大滝町1-13 さいか屋横須賀店内,046-876-8208
s0589,楽市楽座湘南藤沢店,神奈川県,神奈川県藤沢市辻堂新町４－３－５ＭｒＭＡＸ湘南藤沢ショッピングセンター２階,0466-30-2332
s0590,アピナ山下公園店,神奈川県,神奈川県横浜市中区新山下1-2-8,045-628-3366
s0591,アピナ橋本店,神奈川県,神奈川県相模原市緑区西橋本５－１－１アピナ橋本１階,042-703-6033
s0592,神奈川レジャーランド厚木店,神奈川県,神奈川県厚木市戸室5-31-1アツギトレリス2F,050-1722-4336
s0593,モーリーファンタジー秦野店,神奈川県,神奈川県秦野市入船町12-1 イオン秦野店2階,070-3100-4921
s0594,モーリーファンタジー横浜新吉田店,神奈川県,神奈川県横浜市港北区新吉田東八丁目49番1号 イオン横浜新吉田店2階,070-3100-4980
s0595,モーリーファンタジークロスガーデン川崎店,神奈川県,神奈川県川崎市幸区小倉5-19-23 クロスガーデン川崎,070-3100-5005
s0596,モーリーファンタジー天王町店,神奈川県,神奈川県横浜市保土ヶ谷区川辺町3 イオンスタイル天王町3階,080-3476-7851
s0597,モーリーファンタジー茅ヶ崎中央店,神奈川県,神奈川県茅ヶ崎市茅ケ崎3丁目5番16号 イオン茅ヶ崎中央店3階,070-3100-3324
s0598,モーリーファンタジー大和鶴間店,神奈川県,神奈川県大和市下鶴間一丁目2番1号 イオン大和鶴間店3階,070-3100-3329
s0599,モーリーファンタジー久里浜店,神奈川県,神奈川県横須賀市久里浜5丁目13-1 イオン久里浜店2階,070-3100-4842
s0600,モーリーファンタジー大和店,神奈川県,神奈川県大和市渋谷6-6-1 イオン大和店3階,070-3100-5231
s0601,モーリーファンタジーイオン相模原店,神奈川県,神奈川県相模原市南区古淵2-10-1 イオン相模原店3階,070-3100-5197
s0602,モーリーファンタジー港北店,神奈川県,神奈川県横浜市都筑区中川中央1-31-1-5083 モザイクモール港北 都筑阪急5階,070-3100-5442
s0603,モーリーファンタジー座間店,神奈川県,神奈川県座間市広野台2-10-4 イオンモール座間店3階,070-3100-7514
s0604,モーリーファンタジー湘南茅ヶ崎店,神奈川県,神奈川県茅ヶ崎市茅ヶ崎2-7-71 イオン湘南茅ヶ崎店2階,070-3100-4104
s0605,モーリーファンタジー本牧店,神奈川県,神奈川県横浜市中区本牧原7-1 イオン本牧店5階,070-3100-4280
s0606,モーリーファンタジー金沢八景店,神奈川県,神奈川県横浜市金沢区泥亀1-27-1 イオン金沢八景店２階,070-3100-4623
s0607,モーリーファンタジー港南台店,神奈川県,神奈川県横浜市港南区港南台3-1-2 イオンフードスタイル港南台店4階,070-3100-3799
s0608,モーリーファンタジー東戸塚店,神奈川県,神奈川県横浜市戸塚区品濃町535-1 イオン東戸塚店３階,070-3100-3980
s0609,モーリーファンタジーサクラス戸塚店,神奈川県,神奈川県横浜市戸塚区戸塚町4253-1 サクラス戸塚2階,070-3100-3974
s0610,モーリーファンタジー川崎小田栄店,神奈川県,神奈川県川崎市川崎区小田栄2丁目3番1号 ホームセンターコーナン川崎小田栄２階,070-3100-3977
s0611,ビックカメラ藤沢店,神奈川県,神奈川県藤沢市藤沢５５９,0466-29-1111
s0612,イトーヨーカドー湘南台店,神奈川県,神奈川県藤沢市石川６－２－１,0466-87-5511
s0613,LABI LIFE SELECT 茅ヶ崎,神奈川県,神奈川県茅ヶ崎市新栄町１２－３,0467-30-9011
s0614,テックランド磯子,神奈川県,神奈川県横浜市磯子区磯子１－２－１,045-754-3111
s0615,ヨドバシカメラ マルチメディア京急上大岡,神奈川県,神奈川県横浜市港南区上大岡西１－６－１ 京急百貨店８Ｆ,045-845-1010
s0616,アピタ戸塚,神奈川県,神奈川県横浜市戸塚区上倉田町７６９－１,045-864-1201
s0617,Tecc LIFE SELECT横浜本店,神奈川県,神奈川県横浜市戸塚区平戸町100-1,045-522-1792
s0618,イトーヨーカドー立場店,神奈川県,神奈川県横浜市泉区中田西１－１－１５,045-805-2111
s0619,イトーヨーカドー大和鶴間店,神奈川県,神奈川県大和市下鶴間１－３－１,046-261-1211
s0620,ビックカメラ相模大野駅店,神奈川県,神奈川県相模原市南区相模大野３－８－１ 相模大野ステーションスクエアＢ館６階,042-701-1111
s0621,イトーヨーカドーアリオ橋本店,神奈川県,神奈川県相模原市緑区大山町１－２２,042-779-8111
s0622,LIVINよこすか,神奈川県,神奈川県横須賀市平成町３－２１－４,046-821-6311
s0623,イトーヨーカドーららぽーと横浜店,神奈川県,神奈川県横浜市都筑区池辺町４０３５－１,045-931-9911
s0624,イトーヨーカドーたまプラーザ店,神奈川県,神奈川県横浜市青葉区美しが丘１－６－１,045-901-9311
s0625,ヨドバシカメラ マルチメディア横浜,神奈川県,神奈川県横浜市西区北幸１－２－７ ６Ｆゲームホビー,045-313-1010
s0626,ビックカメラ新横浜店,神奈川県,神奈川県横浜市港北区新横浜２－１００－４５ キュ－ビックプラザ新横浜,045-478-1111
s0627,MEGAドン・キホーテUNY大口,神奈川県,神奈川県横浜市神奈川区神之木町２ー３０,045-433-1411
s0628,ヨドバシカメラ マルチメディア川崎ルフロン,神奈川県,神奈川県川崎市川崎区日進町１－１１ ヨドバシカメラ４Ｆ玩具,044-223-1010
s0629,ビックカメララゾーナ川崎店,神奈川県,神奈川県川崎市幸区堀川町７２－１,044-520-1111
s0630,イトーヨーカドーグランツリー武蔵小杉店,神奈川県,神奈川県川崎市中原区新丸子東３丁目１１３５-1,044-422-3111
s0631,GiGOリバーサイド千秋,新潟県,新潟県長岡市千秋2-278 ｱﾋﾟﾀRIVERSIDE SENSHU 長岡店 2F,070-3317-3501
s0632,GiGOイオンモール新発田,新潟県,新潟県新発田市住吉町5-11-5 ｲｵﾝﾓｰﾙ新発田店 2F,070-3236-0453
s0633,カプコサーカス新潟東店,新潟県,新潟県新潟市東区大形本町３－１－２イオン新潟東,025-275-3777
s0634,メジャーロード黒埼店,新潟県,新潟県新潟市西区山田3303メジャーロード黒埼,025-370-7300
s0635,メジャーロード見附店 WEST,新潟県,新潟県見附市上新田町516-1,0258-66-8080
s0636,タイトーステーション新潟ラブラ2店,新潟県,新潟県新潟市中央区万代1-4-8 ラブラ23F,025-212-9435
s0637,タイトーFステーションイオン新潟西店,新潟県,新潟県新潟市西区小新南2－1－10イオン新潟西3F,025-201-3005
s0638,タイトーFステーション燕三条店,新潟県,新潟県燕市井土巻３－１５０イオン県央１階,0256-66-4015
s0639,namcoDEKKY401店,新潟県,新潟県新潟市中央区上近江４－１２－２０ ＤＥＫＫＹ４０１ ２Ｆ,025-281-2162
s0640,namco新潟店,新潟県,新潟県新潟市中央区南笹口１－１－１ ひもろぎビル２Ｆ,025-384-4980
s0641,ナムコランドイオン長岡店,新潟県,新潟県長岡市古正寺１丁目２４９番１ イオン長岡店内,0258-27-5961
s0642,MEGAドン・キホーテ柏崎店,新潟県,新潟県柏崎市東長浜町４－１５ ＭＥＧＡドン・キホーテ柏崎店内２Ｆ,0257-22-1668
s0643,アピナ長岡店,新潟県,新潟県長岡市堺東町２２アピナ長岡,0258-22-5510
s0644,アピナ上越インター店,新潟県,新潟県上越市富岡3439,025-520-7013
s0645,VIVAZONE糸魚川店,新潟県,新潟県糸魚川市寺島3-2-40ヴィラオレッタ糸魚川2Fゲームセンター,025-550-1388
s0646,モーリーファンタジー六日町店,新潟県,新潟県南魚沼市余川3100 イオン六日町店2階,070-3100-4870
s0647,モーリーファンタジー上越店,新潟県,新潟県上越市富岡3458番地 イオン上越店2階,070-3100-4865
s0648,モーリーファンタジー新潟東店,新潟県,新潟県新潟市東区大形本町3-1-2 イオン新潟東店3階,070-3100-4859
s0649,モーリーファンタジー小千谷店,新潟県,新潟県小千谷市大字平沢新田字荒田339 イオン小千谷店2階,070-3100-4030
s0650,モーリーファンタジー新発田店,新潟県,新潟県新発田市住吉町5丁目11番5号 イオン新発田店2階,070-1596-6669
s0651,モーリーファンタジー新潟亀田インター店,新潟県,新潟県新潟市江南区下早通柳田1丁目1番1号 イオン新潟亀田インター店3階,070-3100-4575
s0652,モーリーファンタジー新潟青山店,新潟県,新潟県新潟市西区青山2-5-1 イオン新潟青山店２階,070-3100-4249
s0653,モーリーファンタジー県央店,新潟県,新潟県燕市井土巻3-65 イオン県央店2階,070-3100-4130
s0654,モーリーファンタジー十日町店,新潟県,新潟県十日町市高田町6-691 イオン十日町店1階,070-3100-7335
s0655,PALO十日町店,新潟県,新潟県十日町市旭町161 リオン・ドール十日町店1階,070-3100-5605
s0656,アピタ長岡,新潟県,新潟県長岡市千秋２－２７８ リバーサイド千秋,0258-29-6111
s0657,MEGAドン・キホーテ柏崎,新潟県,新潟県柏崎市東長浜町４番１５号,0257-22-3810
s0658,イオン村上東店,新潟県,新潟県村上市仲間町２００,0254-53-7200
s0659,アピタ新潟亀田,新潟県,新潟県新潟市江南区鵜ノ子４－４６６,025-383-3211
s0660,ヨドバシカメラ マルチメディア新潟駅前,新潟県,新潟県新潟市中央区弁天１－２－６ ヨドバシ新潟ビル,025-249-1010
s0661,イオン新潟西店,新潟県,新潟県新潟市西区小新南２－１－１０,025-234-3100
s0662,イオン白根店,新潟県,新潟県新潟市南区能登４０９－２,025-372-6200
s0663,イオン長岡店,新潟県,新潟県長岡市古正寺１－２４９－１,0258-28-0880
s0664,ビックカメラ新潟店,新潟県,新潟県新潟市中央区花園１－１－２１ ＣｏＣｏＬｏ南館内,025-248-1111
s0665,アピタ新潟西,新潟県,新潟県新潟市西区小新４７４,025-201-1711
s0666,ユーズランド高岡店,富山県,富山県高岡市下伏間江３８３イオン高岡南２階,0766-27-2411
s0667,GiGOマリエとやま,富山県,富山県富山市桜町1丁目1番６１号 富山駅前ビルマリエとやま 4F,080-7425-4865
s0668,タイトーステーションファボーレ婦中店,富山県,富山県富山市婦中町下轡田１６５－１フューチャーシティファボーレ２階,076-466-1672
s0669,namcoアピタ富山店,富山県,富山県富山市上袋１００番地 アピタ富山店内２Ｆ,076-423-3251
s0670,アピタ富山東店ゲームコーナー,富山県,富山県富山市上冨居３－８－３８ アピタ富山東店２Ｆ,076-452-3370
s0671,MEGAドン・キホーテUNY魚津店ゲームコーナー,富山県,富山県魚津市住吉６００番地 ＭＥＧＡドン・キホーテＵＮＹ魚津店２Ｆ,0765-23-4214
s0672,バンダイナムコCross Storeイオンモール高岡店,富山県,富山県高岡市下伏間江３８３番地 イオンモール高岡２Ｆ,0570-076510
s0673,アピナ富山新庄店,富山県,富山県富山市荒川3-2-12,076-491-7700
s0674,アピナ富山南,富山県,富山県富山市堀川町355-3 マイプラザ内,076-461-6644
s0675,アピナ富山豊田店,富山県,富山県富山市豊田町２－１２－６６アピナ富山豊田,076-433-3355
s0676,モーリーファンタジー小杉店,富山県,富山県射水市三ヶ2602 アル・プラザ小杉店2階,070-3100-3624
s0677,モーリーファンタジー高岡南店,富山県,富山県高岡市下伏間江383 イオン高岡南店2階,070-3100-3408
s0678,モーリーファンタジー高岡江尻店,富山県,富山県高岡市江尻331-1 イオン高岡江尻店1階,070-3100-4775
s0679,モーリーファンタジーとなみ店,富山県,富山県砺波市中神一丁目174番地 イオンモールとなみ2階,070-3100-5171
s0680,アピタ富山東,富山県,富山県富山市上冨居３１０－１,076-452-3311
s0681,MEGAドン・キホーテUNY魚津,富山県,富山県魚津市住吉６００,0765-23-4111
s0682,アミュージアム小松店,石川県,石川県小松市園町ハ ハ23-1アル・プラザ小松店2F,076-122-8990
s0683,MIRAINOイオンモール白山店,石川県,石川県白山市横江町土地区画整理事業施工地区内1街区イオンモール白山3階3014区画,076-256-3192
s0684,namcoアルプラザ鹿島店,石川県,石川県鹿島郡中能登町井田と１－１ アルプラザ鹿島店２Ｆ,070-6511-3483
s0685,楽市楽座イオンモール新小松店,石川県,石川県 小松市清六町 ３１５番地 イオンモール新小松店内２Ｆ,0761-58-2728
s0686,アピナ野々市店,石川県,石川県野々市市白山町４－１イオンタウン野々市,076-272-8100
s0687,バイパスレジャーランド藤江本館,石川県,石川県金沢市藤江南2-41,076-268-3798
s0688,バイパスレジャーランド藤江新館,石川県,石川県金沢市藤江南2ー105,076-268-7518
s0689,バイパスレジャーランド加賀店,石川県,石川県加賀市箱宮町ヲ1-1,0761-74-8007
s0690,モーリーファンタジー杜の里店,石川県,石川県金沢市もりの里1丁目70番地 イオン杜の里店2階,070-3100-3325
s0691,モーリーファンタジーかほく店,石川県,石川県かほく市内日角地内タ25番 イオンかほく店2階,070-3100-4838
s0692,モーリーファンタジー新小松店,石川県,石川県小松市清六町315 イオンモール新小松３階,070-3100-4001
s0693,モーリーファンタジー白山店,石川県,石川県白山市横江町1681 イオン白山店3階,070-3100-3751
s0694,イオン小松店,石川県,石川県小松市平面町ア６９,0761-23-6000
s0695,イオン松任店,石川県,石川県白山市平松町１０２－１,076-274-8600
s0696,アピタ松任,石川県,石川県白山市幸明町２８０,076-274-6611
s0697,イオン金沢店,石川県,石川県金沢市福久２－５８,076-258-7588
s0698,イオン野々市南店,石川県,石川県野々市市上林４－７４７,076-246-8121
s0699,GiGO武生,福井県,福井県越前市新町3-13-4,070-1459-1053
s0700,namcoMEGAドン・キホーテUNY敦賀店,福井県,福井県敦賀市中央町一丁目５番５号 ＭＥＧＡドン・キホーテＵＮＹ敦賀店２Ｆ,0770-24-0870
s0701,namcoフェアモール福井大和田店,福井県,福井県福井市大和田２－１２３０ アピタ福井大和田店２Ｆ,0570-087624
s0702,キッズサーカスシピィ店,福井県,福井県越前市新町7-8武生シピィ2F,0778-42-6880
s0703,フクイレジャーランドワイプラザ店,福井県,福井県福井市新保町北1-303ヤスサキワイプラザB棟2階,0776-57-0433
s0704,レッツワクワクエルパ店,福井県,福井県福井市大和田2丁目1209エルパ,0776-57-2528
s0705,レッツワクワクジョイランドベル店,福井県,福井県福井市花堂南2丁目16－1SCベル2F,0776-34-3965
s0706,ジョイランド敦賀店,福井県,福井県敦賀市木崎40-12,0770-37-1616
s0707,モーリーファンタジー鯖江店,福井県,福井県鯖江市下河端16字下町16-1 アル・プラザ鯖江店2階,070-3100-3619
s0708,PALO武生店,福井県,福井県越前市横市町28-14-1 エスカモール武生楽市店2階,070-3100-7489
s0709,アピタ福井大和田,福井県,福井県福井市大和田二丁目１２３０,0776-57-2211
s0710,アミュージアム河口湖店,山梨県,山梨県南都留郡富士河口湖町船津２９８６河口湖ショッピングセンターベル３Ｆ,0555-73-1381
s0711,アミュージアム南アルプス店,山梨県,山梨県南アルプス市小笠原1423-1スーパーセンタートライアル南アルプス店1F,055-283-3100
s0712,プラサカプコン甲府店,山梨県,山梨県中巨摩郡昭和町西条字北河原3717プラサカプコン甲府,055-236-6555
s0713,GAME Q,山梨県,山梨県富士吉田市上吉田2-5-1富士山駅ビルQSTA4階,0555-23-8961
s0714,タイトーFステーションラザウォーク甲斐双葉店,山梨県,山梨県甲斐市志田字柿木616－1ラザウォーク甲斐双葉アミューズメント棟2階,0551-30-7270
s0715,楽市楽座イオンモール甲府店,山梨県,山梨県中巨摩郡昭和町飯喰1505-1イオンモール甲府昭和専門店街2階,055-269-5211
s0716,モーリーファンタジー甲府昭和店,山梨県,山梨県中巨摩郡昭和町飯喰1505-1 イオン甲府昭和店3階,070-3100-5224
s0717,モーリーファンタジービバモール甲斐敷島店,山梨県,山梨県甲斐市中下条2000-1 ビバモール甲斐敷島店2階,070-3100-7482
s0718,ドン・キホーテ河口湖インター,山梨県,山梨県富士吉田市松山１５９０番,0555-21-2311
s0719,ヨドバシカメラ マルチメディア甲府駅前,山梨県,山梨県甲府市丸の内1-3-3 ヨドバシカメラ内4階玩具ゲームコーナー,055-230-1010
s0720,イトーヨーカドー甲府昭和店,山梨県,山梨県中巨摩郡昭和町西条１３－１,055-268-1311
s0721,GiGO豊科,長野県,長野県安曇野市豊科南穂高1115,070-1459-1441
s0722,サープラ長野あそびタウン,長野県,長野県長野市権堂町1506番地3長電権堂第2ビル1階,026-231-5015
s0723,Hapipi Land豊科店,長野県,長野県安曇野市豊科4272-10 イオン豊科店2F,070-1479-5504
s0724,ソユーゲームフィールド長野三輪店,長野県,長野県長野市三輪九丁目43番24号イオンタウン長野三輪2F,026-263-8017
s0725,namcoアリオ上田店,長野県,長野県上田市天神３－５－１ アリオ上田１Ｆ 店番１－２１,0570-087601
s0726,namcoイオンモール佐久平店,長野県,長野県佐久市佐久平駅南１１－１０ イオンモール佐久平２Ｆ,0267-66-3060
s0727,楽市楽座イオンモール松本,長野県,長野県松本市中央4-1371,090-8628-3921
s0728,アピナ長野大橋店,長野県,長野県長野市若里７－９－１２アピナ長野大橋,026-225-8765
s0729,アピナ長野村山店,長野県,長野県長野市村山５０２－１アピナ長野村山,026-295-9911
s0730,アピナ長野川中島店,長野県,長野県長野市川中島町御厨957-1,026-214-6699
s0731,アピナ佐久インター店,長野県,長野県佐久市岩村田北１－１３－１アピナ佐久インター,0267-78-3399
s0732,アピナ上田,長野県,長野県上田市秋和３５９－１アピナ上田,0268-75-8055
s0733,ファミリーランド更埴店,長野県,長野県千曲市大字桜堂字西沖333-1ベイシア更埴店内2F,026-274-3422
s0734,アピナ松本店,長野県,長野県松本市双葉１９－１０アピナ松本,0263-24-1133
s0735,アピナ飯田店,長野県,長野県飯田市座光寺３７２７－１アピナ飯田,0265-59-7711
s0736,アピナ伊那店,長野県,長野県伊那市西町５０９３アピナ伊那,0265-74-8885
s0737,アピナ塩尻店,長野県,長野県塩尻市広丘野村１７９４－１アピナ塩尻,0263-51-5511
s0738,ファンタジープラザ長野店,長野県,長野県長野市高田1758 MEGAドン･キホーテ長野店2階,026-263-4483
s0739,ファンタジープラザ伊那店,長野県,長野県伊那市西町5182-1 MEGAドン･キホーテUNY伊那店3海,0265-76-8164
s0740,ファンタジープラザ高森店,長野県,長野県下伊那郡高森町山吹4515 MEGAドン･キホーテUNY高森店1階,0265-49-8253
s0741,モーリーファンタジー佐久平店,長野県,長野県佐久市佐久平駅南11-10 イオン佐久平2階,090-3913-1285
s0742,モーリーファンタジー南松本店,長野県,長野県松本市双葉5-20 イオン南松本店2階,070-3100-3618
s0743,モーリーファンタジー中野店,長野県,長野県中野市大字一本木252-1 イオン中野店2階,070-3100-3357
s0744,モーリーファンタジー上田店,長野県,長野県上田市常田2-12-18 イオン上田店2階,070-3100-4777
s0745,モーリーファンタジー松本店,長野県,長野県松本市中央4-9-51 イオンスタイル松本店3階,070-3100-5054
s0746,モーリーファンタジー須坂店,長野県,長野県須坂市大字福島386-1 イオンモール須坂3階,080-4886-1074
s0747,モーリーファンタジーそよら飯田アップルロード店,長野県,長野県飯田市鼎一色456 イオンそよら飯田アップルロード店2階,070-3100-5358
s0748,MEGAドン・キホーテ長野,長野県,長野県長野市高田１７５８番地,026-263-3810
s0749,イオン飯田店,長野県,長野県飯田市上郷飯沼１５７５,0265-52-9111
s0750,イオン佐久平店,長野県,長野県佐久市佐久平駅南１１－１０,0267-65-8711
s0751,GiGOマーゴ関,岐阜県,岐阜県関市倉知516 マーゴシネマ館2F,070-1459-1931
s0752,MIRAINOイオンモール土岐店,岐阜県,岐阜県土岐市土岐津町土岐口1372番1イオンモール土岐2F,0572-56-5256
s0753,大垣メトロポリス,岐阜県,岐阜県大垣市三塚町西沼５２３－１イオンタウン大垣,0584-75-5734
s0754,namcoモレラ岐阜店,岐阜県,岐阜県本巣市三橋１１００ モレラ岐阜店２Ｆ,058-322-2700
s0755,namcoカラフルタウン岐阜店,岐阜県,岐阜県岐阜市柳津町丸野三丁目３番６ カラフルタウン岐阜内,058-388-7658
s0756,namcoイオンモール各務原インター店,岐阜県,岐阜県各務原市那加萱場町３－８ イオンモール各務原店２Ｆ,0570-087658
s0757,ラウンドワンモレラ岐阜,岐阜県,岐阜県本巣市三橋1100 モレラ岐阜2Fスノープラザ,058-323-6600
s0758,アピナ美濃加茂,岐阜県,岐阜県美濃加茂市野笹町2-5-65 MEGAドン・キホーテUNY美濃加茂店2F,0574-66-8558
s0759,アピナ各務原,岐阜県,岐阜県各務原市蘇原花園町2-9-1,058-383-9911
s0760,ACグランド茜部店,岐阜県,岐阜県岐阜市茜部大川１－７７,0120-505-814
s0761,アピナ本巣店,岐阜県,岐阜県本巣市政田字下西浦1986イオンタウン本巣内,058-323-3311
s0762,ファンタジックランド可児店,岐阜県,岐阜県可児市下恵土5750ヨシヅヤ可児3階,0574-60-0510
s0763,ファンタジープラザ恵那店,岐阜県,岐阜県恵那市長島町正家2-2-17 MEGAドン・キホーテUNY恵那店1階,0573-25-8816
s0764,モーリーファンタジーf 岐阜店,岐阜県,岐阜県岐阜市正木中1-2-1マーサ21北館 イオン岐阜店3階,070-3100-3566
s0765,モーリーファンタジー関店,岐阜県,岐阜県関市倉知516サンサンシティ・マーゴ イオン関店1階,070-3100-3569
s0766,モーリーファンタジー大垣店,岐阜県,岐阜県大垣市外野2丁目100番 イオン大垣店2階,070-3100-4844
s0767,モーリーファンタジー各務原インター店,岐阜県,岐阜県各務原市那加萱場町3-8 イオンスタイル各務原インター3階,070-3100-4853
s0768,モーリーファンタジー土岐店,岐阜県,岐阜県土岐市土岐津町土岐口1372-1 イオンモール土岐2階,080-3476-8036
s0769,MEGAドン・キホーテUNY恵那,岐阜県,岐阜県恵那市長島町正家２丁目２番地１７,0573-20-0001
s0770,ピアゴ瑞浪,岐阜県,岐阜県瑞浪市薬師町２－７２,0572-68-5101
s0771,MEGAドン・キホーテUNY美濃加茂,岐阜県,岐阜県美濃加茂市野笹町２丁目５-６５,0574-27-5811
s0772,アピタ各務原,岐阜県,岐阜県各務原市鵜沼各務原町８－７,058-384-3911
s0773,アピタ御嵩,岐阜県,岐阜県可児郡御嵩町上恵土１０５２番１,0574-67-6777
s0774,アピタ大垣,岐阜県,岐阜県大垣市林町６－８０－２１,0584-83-1311
s0775,アピタ北方,岐阜県,岐阜県本巣郡北方町平成２－３,058-323-8511
s0776,MEGAドン・キホーテUNY岐阜,岐阜県,岐阜県岐阜市加納神明町６丁目１番地,058-275-3111
s0777,GiGOアピタ島田,静岡県,静岡県島田市宝来町8-2 ｱﾋﾟﾀ島田店 2F,070-1242-4109
s0778,GiGO掛川,静岡県,静岡県掛川市細田248,070-1459-3071
s0779,GiGOサントムーンオアシス,静岡県,静岡県駿東郡清水町伏見52-1 サントムーンオアシス3階,070-1458-3407
s0780,キッズトレイン富士,静岡県,静岡県富士市八幡町6-3マックスバリュ富士八幡町店1Fゲームコーナー,070-2641-7530
s0781,キッズトレイン伊東,静岡県,静岡県伊東市玖須美元和田720-143伊東ショッピングプラザデュオ2F,0557-38-0162
s0782,アミュージアム清水店,静岡県,静岡県静岡市清水区入船町13-15エスパルスドリームプラザ3F,0543-53-9000
s0783,アミュージアムMEGAドン・キホーテ浜松可美店,静岡県,静岡県浜松市中央区東若林町１１−１,080-9027-7987
s0784,AMUSEMENT PARK(静岡店),静岡県,静岡県静岡市葵区柚木191MARKIS静岡3階,054-655-6661
s0785,プラサカプコン志都呂店,静岡県,静岡県浜松市中央区志都呂2-37-1イオンモール浜松志都呂3階,053-401-4245
s0786,アミューズメントワールドららぽーと沼津店,静岡県,静岡県沼津市東椎路字東荒301-3ららぽーと沼津3F,055-929-1320
s0787,サープラ沼津あそびタウン,静岡県,静岡県沼津市大手町1-1-5,055-926-7739
s0788,サープラ静岡あそびタウン,静岡県,静岡県静岡市葵区伝馬町6番地の1 けやきプラザ3F,054-260-2600
s0789,サープラ富士あそびタウン,静岡県,静岡県富士市永田町2-94サープラ富士あそびタウン,0545-67-7733
s0790,サープラ焼津あそびタウン,静岡県,静岡県焼津市八楠3-18-5,054-628-6503
s0791,ジョイランドアミューズ原店,静岡県,静岡県沼津市原町中2-14-8 1F,055-968-2222
s0792,タイトーステーション新浜松ザザシティ店,静岡県,静岡県浜松市中区鍛冶町15ザザシティ浜松西館,053-413-5256
s0793,namcoアピタ磐田店,静岡県,静岡県磐田市今之浦３－１－１１ アピタ磐田店２階,0538-86-3568
s0794,namcoららぽーと磐田店,静岡県,静岡県磐田市高見丘１２００番地 ららぽーと磐田店２Ｆ店番２１２１０,0570-087690
s0795,namcoプレ葉ウォーク浜北店,静岡県,静岡県浜松市浜名区貴布祢１２００番地 プレ葉ウォーク浜北アピタ棟２Ｆ,053-544-7815
s0796,スーパーウェーブ静岡店,静岡県,静岡県静岡市清水区鳥坂860 フレスポ静岡2F西,054-340-5888
s0797,ラウンドワン富士,静岡県,静岡県富士市八代町4-15,0545-51-3636
s0798,アピナ浜松店,静岡県,静岡県浜松市中央区葵西2-27-10,053-430-4800
s0799,アピナ焼津店,静岡県,静岡県焼津市道原585シートピアYAZ焼津,054-623-8555
s0800,アピナ大須賀店,静岡県,静岡県掛川市西大渕3359ロックタウン,0537-63-4650
s0801,アピナ磐田店,静岡県,静岡県磐田市西貝塚横須賀道北3690イオンタウン磐田内,0538-36-2626
s0802,タイトーFステーションイオンモール浜松市野店,静岡県,静岡県浜松市中央区天王町1981-3イオンモール浜松市野2F,053-411-3047
s0803,funportラフレ初生店,静岡県,静岡県浜松市中央区初生町626-1,053-522-7879
s0804,ポート24浜松店,静岡県,静岡県浜松市中央区坪井町4183ポート24浜松,053-440-5588
s0805,ファンタジープラザ富士吉原店,静岡県,静岡県富士市国久保２丁目1番10号 MEGAドン･キホーテUNY富士吉原店2階,0545-51-2771
s0806,モーリーファンタジー袋井店,静岡県,静岡県袋井市上山梨4丁目1番地の1 イオン袋井店2階,070-3100-3604
s0807,モーリーファンタジー清水店,静岡県,静岡県静岡市清水区上原1-6-16 イオン清水店2階,070-3100-3611
s0808,モーリーファンタジー浜松西店,静岡県,静岡県浜松市中央区入野町6244-1 イオン浜松西店3階,070-3100-3404
s0809,モーリーファンタジー焼津店,静岡県,静岡県焼津市祢宜島555 イオン焼津店2階,070-3100-3391
s0810,モーリーファンタジー富士宮店,静岡県,静岡県富士宮市浅間町1-8 イオン富士宮店2階,070-3100-3410
s0811,モーリーファンタジー浜松志都呂店,静岡県,静岡県浜松市中央区志都呂町二丁目37番1号 イオン浜松志都呂店3階,070-3100-4772
s0812,モーリーファンタジー浜松市野店,静岡県,静岡県浜松市東区天王町字諏訪1981-3 イオン浜松市野店2階,070-3100-4757
s0813,モーリーファンタジーセントラルスクエア静岡店,静岡県,静岡県静岡市駿河区石田1-5-1 イオンセントラルスクエア静岡2階,070-3100-6097
s0814,モーリーファンタジーf 富士南店,静岡県,静岡県富士市鮫島118-10 イオンタウン富士南2階,070-3100-4493
s0815,モーリーファンタジー裾野店,静岡県,静岡県裾野市佐野1039 マックスバリュベルシティ裾野店1階,070-3100-4625
s0816,ビックカメラ浜松店,静岡県,静岡県浜松市中区砂山町３２２－１,053-455-1111
s0817,アピタ島田,静岡県,静岡県島田市宝来町８－２,0547-33-0811
s0818,エディオンサントムーン柿田川,静岡県,静岡県駿東郡清水町伏見５８－１,055-983-6711
s0819,ミシマトイス,静岡県,静岡県三島市本町３－３５,0559-75-0092
s0820,マミー二枚橋,静岡県,静岡県御殿場市二枚橋２７５－２,0550-81-0270
s0821,イトーヨーカドー三島店,静岡県,静岡県三島市中田町９－３０,0559-81-6111
s0822,ゲーム・キング・ジョイ,愛知県,愛知県名古屋市中区栄3-3-32,052-241-9515
s0823,タイトーFステーション弥富,愛知県,愛知県弥富市五明蒲原1371-4,0567-66-1500
s0824,ユーズランド東浦店,愛知県,愛知県知多郡東浦町緒川旭13－2イオンモール東浦2階,0562-82-2782
s0825,GiGO春日井,愛知県,愛知県春日井市岩野町4180,070-1459-2427
s0826,GiGO北岡崎,愛知県,愛知県岡崎市錦町2番地4,070-1393-5583
s0827,GiGOイオンタウン刈谷,愛知県,愛知県刈谷市東境町京和１,070-1459-3212
s0828,GiGOイオンタウン名西,愛知県,愛知県名古屋市西区香呑町6-49-1 イオンタウン名西 2F,070-1459-2624
s0829,GiGO安城,愛知県,愛知県安城市百石町2-35-13,070-1459-2615
s0830,GiGOアピタ安城南,愛知県,愛知県安城市桜井町貝戸尻60 ｱﾋﾟﾀ安城南店 2F,070-1275-2977
s0831,GiGOイオンモール木曽川,愛知県,愛知県一宮市木曽川町黒田字南八ツヶ池25-1 イオンモール木曽川3F​,070-1458-3893
s0832,GiGO豊橋飯村,愛知県,愛知県豊橋市飯村町字西山25-121,070-1459-2804
s0833,GiGOマーケットスクエアささしま,愛知県,愛知県名古屋市中村区平池町4丁目60番地14号,070-1458-1766
s0834,アミュージアム津島店,愛知県,愛知県津島市大字津島字北新開351ヨシズヤ津島本店 シネマ館2F,0567-26-3055
s0835,NICOPAウイングタウン岡崎店,愛知県,愛知県岡崎市羽根町小豆坂3ウイングタウン2階,0564-72-8477
s0836,NICOPA千種店,愛知県,愛知県名古屋市千種区千種2-16-13イオンタウン千種2F,052-753-6886
s0837,NICOPA新守山店,愛知県,愛知県名古屋市守山区新守山2830アピタ新守山2階,070-2236-2213
s0838,NICOPAなるぱーく店,愛知県,愛知県名古屋市緑区浦里3-232なるぱーく2階,052-848-6946
s0839,ゲームランド岡崎店,愛知県,愛知県岡崎市戸崎町外山38-5イオンモール岡崎,0564-72-6233
s0840,アミューズファクトリー常滑店,愛知県,愛知県常滑市りんくう町2丁目20番3イオンモール常滑2階,0569-36-1535
s0841,プラサカプコン稲沢店,愛知県,愛知県稲沢市長野7丁目1-2リーフウォーク稲沢2階,0587-33-3222
s0842,MIRAINOイオンモール豊川,愛知県,愛知県豊川市白鳥町兎足1-16 イオンモール豊川3F,0533-95-7810
s0843,プラサカプコン徳重店,愛知県,愛知県名古屋市緑区元徳重徳重18番地の44ヒルズウォーク徳重ガーデンズ,052-746-0080
s0844,豊川メトロポリス,愛知県,愛知県豊川市下長山町上アライ１４－１豊川コロナワールド,0533-85-6540
s0845,安城メトロポリス,愛知県,愛知県安城市浜富町6-8安城メトロポリス,0566-74-8238
s0846,アミューズメントワールドメトロポリスららぽーと安城店,愛知県,愛知県大東町9番-30 3F 32000号室,0566-33-9287
s0847,アミューズメントワールドメトロポリス小牧店,愛知県,愛知県小牧市村中新町３３,0568-71-0005
s0848,アミューズメントワールドメトロポリス中川店,愛知県,愛知県名古屋市中川区江松３丁目１１０,052-303-9701
s0849,ソユーゲームフィールド鳴海店,愛知県,愛知県名古屋市緑区鳴海町字伝治山3番地9アピタ鳴海店2F,052-899-0720
s0850,タイトーステーション名古屋名駅店,愛知県,愛知県名古屋市中村区名駅4丁目10-22,052-526-3773
s0851,タイトーステーション大須店,愛知県,愛知県名古屋市中区大須3-20-7タイトーステーション大須,052-253-9015
s0852,タイトーステーション豊田GAZA店,愛知県,愛知県豊田市喜多町1丁目140番地GAZA3F,0565-31-4350
s0853,アズパークファミリータウン,愛知県,愛知県名古屋市中川区新家１丁目２４２１番地 アズパークＳＣ２Ｆ,052-432-5461
s0854,namcoリーフウォーク稲沢店,愛知県,愛知県稲沢市下津穂所１－１－１ リーフウォーク稲沢ツリー棟２Ｆ,0587-50-4020
s0855,namcoららぽーと愛知東郷店,愛知県,愛知県愛知郡東郷町東郷中央土地区画事業６２街区１、３ ららぽーと愛知東郷３Ｆ,0570-025157
s0856,namcoららぽーと名古屋みなとアクルス店,愛知県,愛知県名古屋市港区港明２丁目３番２号 ららぽーと名古屋みなとアクルス店３Ｆ,052-655-5800
s0857,namcoイオンモールナゴヤドーム前店,愛知県,愛知県名古屋市東区矢田南４－１０２－３ イオンモールナゴヤドーム前３Ｆ,0570-087637
s0858,namcoエアポートウォーク名古屋店,愛知県,愛知県西春日井郡豊山町大字豊場字林先１番地８,0568-39-0765
s0859,namcoイオンモール大高店,愛知県,愛知県名古屋市緑区南大高二丁目４５０ イオンモール大高３Ｆ,0570-087636
s0860,namcoイオンモール熱田店,愛知県,愛知県名古屋市熱田区六野１－２－１１ イオンモール熱田４Ｆ,052-889-2230
s0861,namcoイオンモール長久手2号店,愛知県,愛知県長久手市勝入塚５０１ イオンモール長久手４Ｆ,0561-76-5156
s0862,namco則武新町店,愛知県,愛知県名古屋市西区則武新町３－１－１７ イオンモール名古屋ノリタケガーデン,052-414-5270
s0863,namcoアピタ稲沢店,愛知県,愛知県稲沢市天池五反田町１番地 アピタ稲沢店,0587-34-1110
s0864,アイカツ!オフィシャルストア名古屋,愛知県,愛知県名古屋市西区二方町４０番,0570-076581
s0865,バンダイナムコCross Store名古屋,愛知県,愛知県名古屋市西区二方町４０番,0570-076581
s0866,namcoヨシヅヤ清州店,愛知県,愛知県清須市西市場5-5-3 ヨシヅヤ清州店3階,052-408-2921
s0867,ラウンドワンスタジアム ヨロッカ春日井店,愛知県,愛知県春日井市六軒屋町東丘22 iias春日井 3010区画,0568-86-1600
s0868,楽市楽座イオンモール名古屋茶屋,愛知県,愛知県名古屋市港区西茶屋２－１１イオンモール名古屋茶屋３階,052-398-6274
s0869,楽市楽座イオンモール扶桑店,愛知県,愛知県丹羽郡扶桑町南山名高塚5番地イオンモール扶桑2階,0587-93-7132
s0870,アピナ蒲郡店,愛知県,愛知県蒲郡市鹿島町浅井新田1-26 クラスポ蒲郡2F,0533-95-7007
s0871,アピナ一宮店,愛知県,愛知県一宮市新生1-1-1 イチ＊ビルB1F,0586-52-2545
s0872,アピナ太田川店,愛知県,愛知県東海市 大田町 下浜田102-1 ラスパ太田川南館2F,0562-57-8288
s0873,アピナ豊橋店,愛知県,愛知県豊橋市藤沢町141メガ・ドン・キホーテ豊橋店アミューズメント1階,0532-46-8822
s0874,ファンタジックランド高浜店,愛知県,愛知県高浜市神明町８－２０－１Ｔぽーと２階,0566-52-7463
s0875,シャオ店内ムー大陸,愛知県,愛知県西尾市下町御城下23－1シャオ店内,0563-57-8139
s0876,ドリームプラネット今池店,愛知県,愛知県名古屋市千種区今池5-10-1ドンキホーテ今池店3F,052-439-6177
s0877,ポート24幸田店,愛知県,愛知県額田郡幸田町大字相見字沖原1-3カメリアガーデン幸田,0564-63-6588
s0878,ファンタジープラザ名古屋店,愛知県,愛知県名古屋市北区玄馬町234-1 MEGAドン･キホーテ名古屋本店クロスタウン2階,052-938-3461
s0879,ファンタジープラザ桃花台店,愛知県,愛知県小牧市古雅1-1 MEGAドン･キホーテUNY桃花台店3階,0568-47-0751
s0880,クレーン横丁 極 春日井店,愛知県,愛知県春日井市柏井町4-17 イオン春日井ショッピングセンター4階,070-3100-5063
s0881,モーリーファンタジー半田店,愛知県,愛知県半田市有楽町8-7 イオン半田店2階,070-3100-3583
s0882,モーリーファンタジーイオン岡崎店,愛知県,愛知県岡崎市戸崎町字ばら山1-1 イオンスタイル岡崎店3階,070-3100-3616
s0883,モーリーファンタジー豊橋南店,愛知県,愛知県豊橋市野依町字落合1-12 イオン豊橋南店2階,070-3100-3598
s0884,モーリーファンタジー守山店,愛知県,愛知県名古屋市守山区笹ヶ根3-1228 イオン守山店2階,070-3100-3358
s0885,モーリーファンタジー三好店,愛知県,愛知県みよし市三好町青木91番地 イオン三好店2階,070-3100-3403
s0886,モーリーファンタジー熱田店,愛知県,愛知県名古屋市熱田区六野一丁目2番11号 イオン熱田店2階,070-3100-3398
s0887,モーリーファンタジー瀬戸みずの店,愛知県,愛知県瀬戸市みずの坂2丁目253番地 イオン瀬戸みずの店2階,070-3100-3321
s0888,モーリーファンタジー東浦店,愛知県,愛知県知多郡東浦町大字緒川字旭13-2 イオン東浦店1階,070-3100-3341
s0889,モーリーファンタジー扶桑店,愛知県,愛知県丹羽郡扶桑町大字南山名字高塚5-1 イオン扶桑店2階,070-3100-4780
s0890,モーリーファンタジー木曽川店,愛知県,愛知県一宮市木曽川町黒田字南八ツヶ池25-1 イオン木曽川店2階,070-3100-4804
s0891,モーリーファンタジーナゴヤドーム前店,愛知県,愛知県名古屋市東区矢田南4丁目102番地の3 イオンナゴヤドーム前店3階,070-3100-4753
s0892,モーリーファンタジー大高店,愛知県,愛知県名古屋市緑区大高町字奥平子1-1 イオン大高店3階,070-3100-4858
s0893,モーリーファンタジーワンダーシティ店,愛知県,愛知県名古屋市西区二方町40 イオンワンダーシティ店3階,070-3100-4817
s0894,モーリーファンタジー新瑞橋店,愛知県,愛知県名古屋市南区菊住1丁目7-10 イオン新瑞橋店3階,070-3100-5209
s0895,モーリーファンタジー名古屋茶屋店,愛知県,愛知県名古屋市港区西茶屋2丁目11 イオン名古屋茶屋店3階,070-3100-5192
s0896,モーリーファンタジー常滑店,愛知県,愛知県常滑市りんくう町2-20-3 イオンスタイル常滑店2階,070-3100-5183
s0897,モーリーファンタジー長久手店,愛知県,愛知県長久手市勝入塚501 イオンスタイル長久手店3階,070-3100-5109
s0898,モーリーファンタジー豊田店,愛知県,愛知県豊田市広路1-1 イオンスタイル豊田店3階,070-3100-4619
s0899,モーリーファンタジービバホーム一宮店,愛知県,愛知県一宮市羽衣2-5-2 ビバホーム一宮店2階,070-3100-4109
s0900,モーリーファンタジーt-FACE店,愛知県,愛知県豊田市西町6-85-1 t-FACEＡ館8階,090-3913-1144
s0901,モーリーファンタジー新豊川店,愛知県,愛知県豊川市白鳥町兎足1-16 イオンモール豊川3階,070-3100-4234
s0902,モーリーファンタジー豊川開運通店,愛知県,愛知県豊川市開運通り2-31 イオン豊川店2階,070-3100-4110
s0903,モーリーファンタジー名古屋東店,愛知県,愛知県名古屋市名東区猪子石原2-1701 イオン名古屋東店１階,070-3100-4640
s0904,MEGAドン・キホーテ豊橋,愛知県,愛知県豊橋市藤沢町１４１,0532-38-9211
s0905,アピタ安城南,愛知県,愛知県安城市桜井町貝戸尻６０,0566-99-6911
s0906,アピタ知立,愛知県,愛知県知立市長篠町大山１８－１,0566-85-3611
s0907,アピタ東海荒尾,愛知県,愛知県東海市荒尾町山王前２０,052-601-9777
s0908,ビックカメラ名古屋JRゲートタワー店,愛知県,愛知県名古屋市中村区名駅１－１－３,052-569-1111
s0909,イオン小牧店,愛知県,愛知県小牧市東１－１２６,0568-74-2311
s0910,アピタ岩倉,愛知県,愛知県岩倉市旭町１－２５,0587-66-7111
s0911,アピタ一宮,愛知県,愛知県一宮市両郷町１－２,0586-71-1211
s0912,アピタ稲沢,愛知県,愛知県稲沢市天池五反田町1番地,0587-24-9211
s0913,ビックカメラ名古屋駅西店,愛知県,愛知県名古屋市中村区椿町６－９,052-459-1111
s0914,アピタ鳴海,愛知県,愛知県名古屋市緑区鳴海町伝治山３－９,052-892-2411
s0915,アピタ千代田橋,愛知県,愛知県名古屋市千種区千代田橋２－１－１,052-722-2811
s0916,ヨドバシカメラ サンシャインサカエ,愛知県,愛知県名古屋市中区錦3丁目24-4 3階,052-265-1010
s0917,アピタ港,愛知県,愛知県名古屋市港区当知２丁目１５０１,052-384-1111
s0918,ヨドバシカメラ マルチメディア名鉄名古屋,愛知県,愛知県名古屋市中村区名駅１－２－１,052-561-1010
s0919,イオン高橋店,愛知県,愛知県豊田市東山町１－５－１,0565-88-6511
s0920,アピタ長久手,愛知県,愛知県長久手市戸田谷９０１－１,0561-63-6777
s0921,GiGOトナリエ四日市,三重県,三重県四日市市安島１－３－３１ トナリエ四日市５階,059-356-3385
s0922,GiGO MEGAドン・キホーテUNY鈴鹿,三重県,三重県鈴鹿市南玉垣町3628 MEGAﾄﾞﾝ・ｷﾎｰﾃUNY鈴鹿店 2F,070-6966-1271
s0923,namcoイオンモール鈴鹿店,三重県,三重県鈴鹿市庄野羽山４－１－２ イオンモール鈴鹿２Ｆ,0570-087688
s0924,アピナ四日市店,三重県,三重県四日市市泊小柳町4-34,059-349-5011
s0925,アピナ鈴鹿店,三重県,三重県鈴鹿市庄野羽山４－２０－１イオンタウン鈴鹿２Ｆ,059-375-3739
s0926,アピナ松阪店,三重県,三重県松阪市船江町1392-27イオンタウン松阪船江A棟2階,0598-31-1077
s0927,モーリーファンタジー伊賀上野店,三重県,三重県伊賀市上野茅町2519 イオン伊賀上野店2階,070-3100-3596
s0928,モーリーファンタジー阿児店,三重県,三重県志摩市阿児町鵜方3215 イオン阿児店2階,070-3100-3638
s0929,モーリーファンタジー四日市尾平店,三重県,三重県四日市市尾平町字天王川原1805 イオン四日市尾平店3階,070-3100-3605
s0930,モーリーファンタジーイオン鈴鹿店,三重県,三重県鈴鹿市庄野羽山4-1-2 イオン鈴鹿店2階,070-3100-3608
s0931,モーリーファンタジー四日市北店,三重県,三重県四日市市富州原町2-40 イオン四日市北店2階,070-3100-3319
s0932,モーリーファンタジー明和店,三重県,三重県多気郡明和町中村長波賀1223番地 イオン明和店2階,070-3100-3338
s0933,モーリーファンタジー伊勢ララパーク店,三重県,三重県伊勢市小木町曽弥538 イオンタウン伊勢ララパーク2階,070-3100-4797
s0934,モーリーファンタジー津城山店,三重県,三重県津市久居小野辺町1130-7 イオンタウン津城山店2階,070-3100-5211
s0935,モーリーファンタジー東員店,三重県,三重県員弁郡東員町長深字築田510番地1 イオン東員店３階,070-3100-5191
s0936,モーリーファンタジー桑名店,三重県,三重県桑名市新西方1丁目22番地 イオン桑名ショッピングセンター1番街3階,070-3100-5163
s0937,モーリーファンタジー津南店,三重県,三重県津市高茶屋小森町145 イオンモール津南3F,070-3100-4616
s0938,モーリーファンタジー四日市泊店,三重県,三重県四日市市泊小柳町4-5 イオンタウン四日市泊2階,070-3100-3591
s0939,モーリーファンタジー名張店,三重県,三重県名張市元町376 イオン名張店3階,080-4886-7886
s0940,アピタ松阪三雲,三重県,三重県松阪市市場庄町１２６６－１,0598-56-7988
s0941,アピタ桑名,三重県,三重県桑名市中央町３－２１,0594-23-8111
s0942,MEGAドン・キホーテUNY鈴鹿,三重県,三重県鈴鹿市南玉垣町３６２８番,059-388-8911
s0943,イオン伊勢店,三重県,三重県伊勢市楠部町乙１６０－２,0596-26-1500
s0944,GiGOエイスクエア草津,滋賀県,滋賀県草津市西渋川1-23-23 ​A/SQUARE ​SARA南館2F,070-1459-3852
s0945,スキップパーク,滋賀県,滋賀県大津市本堅田5-20-10アルプラザ堅田3階,077-573-2141
s0946,ゲームランド草津店,滋賀県,滋賀県草津市新浜町３００番地イオン草津３階,077-569-2015
s0947,namcoビバシティ彦根店,滋賀県,滋賀県彦根市竹ヶ鼻町４３－１ ビバシティ彦根２Ｆ,0570-087603
s0948,ピエリ守山アミューズパーク,滋賀県,滋賀県守山市今浜町２６２０ー２ ピエリ守山店１階,077-516-8720
s0949,アピナキッズパーク大津京,滋賀県,滋賀県大津市二本松1-1BRANCH大津京A棟,074-524-9922
s0950,エースレーン草津,滋賀県,滋賀県草津市野路3丁目1-5,077-569-0373
s0951,モーリーファンタジー草津店,滋賀県,滋賀県草津市新浜町300 イオン草津店3階,070-3100-4818
s0952,モーリーファンタジーイオン近江八幡店,滋賀県,滋賀県近江八幡市鷹飼町南3丁目7番 イオン近江八幡店3階,070-3100-4287
s0953,モーリーファンタジー長浜店,滋賀県,滋賀県長浜市山階町271-1 イオン長浜店2階,070-3100-4691
s0954,モーリーファンタジーベイシア彦根店,滋賀県,滋賀県彦根市馬場2-1-1 ベイシア彦根店1階,070-3100-4614
s0955,モーリーファンタジー大津一里山店,滋賀県,滋賀県大津市一里山7丁目1-1 フォレオ大津一里山2階,070-3100-6134
s0956,アミューズメントジョイパーク,京都府,京都府相楽郡精華町精華台9-2-4アピタタウンけいはんな西館2階,0774-98-3849
s0957,プラサカプコン京都店,京都府,京都府京都市右京区西院追分町２５－１イオン京都五条３階,075-326-8760
s0958,namcoらぽーる店,京都府,京都府舞鶴市南浜町27-5らぽーる3F,0773-66-1370
s0959,namcoアルプラザ城陽店,京都府,京都府城陽市富野荒見田１１２番地 アル・プラザ城陽４階,0774-56-2660
s0960,アイカツ!オフィシャルストア京都,京都府,京都府京都市南区西九条鳥居口町１番地 イオンモールＫＹＯＴＯ１４０６０,0570-076565
s0961,バンダイナムコCross Store京都,京都府,京都府京都市南区西九条鳥居口町１番地 イオンモールＫＹＯＴＯ１４０６０,0570-076565
s0962,ラウンドワン京都河原町,京都府,京都府京都市中京区河原町通三条下る山崎町250,075-213-8400
s0963,楽市楽座イオンモール京都桂川店,京都府,京都府京都市南区久世高田町３４６－１ ３０５１区画イオンモール京都桂川３階,090-2710-5585
s0964,タカラ島亀岡店,京都府,京都府亀岡市篠町野条上又11-1アルプラザ3F,080-4875-0032
s0965,モーリーファンタジー洛南店,京都府,京都府京都市南区吉祥院御池町31 イオン洛南店2階,070-3100-4703
s0966,モーリーファンタジー福知山店,京都府,京都府福知山市岩井79-8 イオン福知山店2階,070-3100-4699
s0967,モーリーファンタジー久御山店,京都府,京都府久世郡久御山町森南大内156-1 イオン久御山店２階,070-3100-4683
s0968,モーリーファンタジー京都五条店,京都府,京都府京都市右京区西院追分町25-1 イオン京都五条店2階,070-3100-4705
s0969,モーリーファンタジー高の原店,京都府,京都府木津川市相楽台1-1-1 イオン高の原店4階,070-3100-4360
s0970,モーリーファンタジー京都桂川店,京都府,京都府京都市南区久世高田町376-1 イオン京都桂川店3階,070-3100-3554
s0971,モーリーファンタジー洛北阪急スクエア店,京都府,京都府京都市左京区高野西開町35 阪急カナート洛北2階,070-3100-6104
s0972,モーリーファンタジー桂南店,京都府,京都府京都市南区久世上久世町485 ダイエー桂南店2階,070-3100-7478
s0973,モーリーファンタジー綾部店,京都府,京都府綾部市綾中町花ノ木30 バザールタウン綾部2階,070-3100-6131
s0974,ヨドバシカメラ マルチメディア京都,京都府,京都府京都市下京区京都駅前 京都タワー横,075-351-1010
s0975,泉大津フタバボウル,大阪府,大阪府泉大津市松之浜町1丁目2番53号,0725-22-8128
s0976,あそVIVA阪急茨木店,大阪府,大阪府茨木市永代町6-2スポーツプラザ茨木2階,06-6631-6606
s0977,GiGOフレスポ東大阪,大阪府,大阪府東大阪市稲田新町3-9-64,070-1459-4347
s0978,GiGO大阪道頓堀本店,大阪府,大阪府大阪市中央区道頓堀1丁目8番22号道頓座ビル 1～3F,070-1459-1559
s0979,GiGOあべのアポロ,大阪府,大阪府大阪市阿倍野区阿倍野筋1-5-31 アポロビル3F,070-1458-1519
s0980,GiGO枚方,大阪府,大阪府枚方市須山町83-1 サンシャインプラザ枚方内,070-1459-3993
s0981,GiGOあべのキューズモール,大阪府,大阪府大阪市阿倍野区阿倍野筋1-6-1 キューズモール3F Q-332,070-1458-4038
s0982,GiGO布施,大阪府,大阪府東大阪市長堂1-1-1 ロンモール布施内,070-1459-4020
s0983,GiGO難波アビオン,大阪府,大阪府大阪市浪速区難波中2-3-15 MMOビルB1F～4F,070-1458-1437
s0984,GiGOアリオ鳳,大阪府,大阪府堺市西区鳳南町3-199-12 ｱﾘｵ鳳店 3F,080-4726-5485
s0985,アミパラ大東店,大阪府,大阪府大東市南新田2丁目3-5,072-813-7600
s0986,NICOPA八尾店,大阪府,大阪府八尾市沼1丁目1番地イズミヤ八尾1階,072-929-8921
s0987,NICOPA南千里店,大阪府,大阪府吹田市千里山西6-56-1トナリエ南千里アネックス3F,090-9339-2867
s0988,プラサカプコン藤井寺店,大阪府,大阪府藤井寺市岡2-10-11イオン藤井寺ショッピングセンター2F,072-931-2316
s0989,タイトーステーション摂津富田店,大阪府,大阪府高槻市大畑町１３－１イオンフードスタイル摂津富田店 ２Ｆ専門店街,072-691-5083
s0990,タイトーステーション難波,大阪府,大阪府大阪市中央区難波千日前１５－１２タイトーステーション難波,06-6641-0185
s0991,タイトーステーション大阪日本橋店,大阪府,大阪府大阪市浪速区日本橋４－９－１４タイトーステーション大阪日本橋,06-6630-7270
s0992,タイトーステーションアリオ八尾店,大阪府,大阪府八尾市光町2丁目3番アリオ八尾3F,072-929-4801
s0993,namcoなんばパークス店,大阪府,大阪府大阪市浪速区難波中２丁目１０番７０号 なんばパークス６Ｆ,06-6634-3151
s0994,namcoセブンパーク天美店,大阪府,大阪府松原市天美東３丁目５００番地 セブンパーク天美３Ｆ,072-288-4678
s0995,namcoイオンモール鶴見緑地店,大阪府,大阪府大阪市鶴見区鶴見４－１７－１－４２１ イオンモール鶴見緑地４Ｆ,0570-087616
s0996,namcoアリオ鳳店,大阪府,大阪府堺市西区鳳南町３－１９９－１２ アリオ鳳アリオモール３Ｆ３２８０,072-273-9200
s0997,namcoくずはモール店,大阪府,大阪府枚方市楠葉花園町１０―８５ ＫＵＺＵＨＡＭＡＬＬ南館２Ｆ,072-851-8213
s0998,namco大阪日本橋店,大阪府,大阪府大阪市浪速区難波中２－１－１７ コスモビル１～３Ｆ,06-7656-3885
s0999,namco梅田店,大阪府,大阪府大阪市北区小松原町３番３号 ＯＳビル２Ｆ,0570-087610
s1000,namco枚方モール店,大阪府,大阪府枚方市岡東町１９－１ 枚方モール４階,072-896-7660
s1001,namcoららぽーと門真店,大阪府,大阪府門真市松生町１番１１号 ららぽーと門真３階３０４００区画,06-6780-9594
s1002,namcoマグスミノエ店,大阪府,大阪府大阪市住之江区泉１丁目１番８２号 マグスミノエ１Ｆ,06-6682-6856
s1003,namcoららぽーと堺店2階,大阪府,大阪府堺市美原区黒山２２－１ ２Ｆ ２１２４０区画,072-289-6904
s1004,バンダイナムコCross Storeイオンモール大日店,大阪府,大阪府守口市大日東町１－１８ イオンモール大日４Ｆ,0570-076567
s1005,ゲームフェイス八尾店,大阪府,大阪府八尾市天王寺屋2－68ボウルアロー八尾店1F,072-948-2306
s1006,ラウンドワンスタジアム高槻,大阪府,大阪府高槻市辻子3-6-4,072-672-9933
s1007,ラウンドワンスタジアム堺中央環状,大阪府,大阪府堺市東区石原町2-241,072-253-9559
s1008,ラウンドワン梅田,大阪府,大阪府大阪市北区小松原町4-16,06-6312-6800
s1009,ラウンドワンスタジアム千日前,大阪府,大阪府大阪市中央区難波1-3-1,06-4708-2600
s1010,ラウンドワンららぽーと和泉,大阪府,大阪府和泉市あゆみ野4-4-7 ららぽーと和泉4F 42100番,0725-51-2100
s1011,楽市楽座イオンモール大阪ドーム店,大阪府,大阪府大阪市西区千代崎３－１３－１イオン大阪ドームシティ４階,06-6556-7740
s1012,楽市楽座イオンモール四條畷店,大阪府,大阪府四條畷市砂４－３－２イオン四條畷３階,072-803-6370
s1013,YAZ寝屋川店,大阪府,大阪府寝屋川市石津中町25-26,072-830-7755
s1014,モーリーファンタジー茨木店,大阪府,大阪府茨木市松ヶ本町8-30-5 イオンモール茨木3階,070-3100-5205
s1015,モーリーファンタジー和泉府中店,大阪府,大阪府和泉市肥子町2-2-1 イオン和泉府中4階,070-3100-4285
s1016,モーリーファンタジー金剛東店,大阪府,大阪府富田林市向陽台3-1-1 イオン金剛東店4階,070-3100-5298
s1017,モーリーファンタジー野田阪神店,大阪府,大阪府大阪市福島区海老江1-1-23 イオン野田阪神店4階,070-3100-5287
s1018,モーリーファンタジー高槻店,大阪府,大阪府高槻市萩之庄3-47-2 イオン高槻店3階,070-3100-5331
s1019,モーリーファンタジーりんくう泉南店,大阪府,大阪府泉南市りんくう南浜3-1 イオンりんくう泉南店2階,070-3100-4451
s1020,モーリーファンタジー堺北花田店,大阪府,大阪府堺市北区東浅香山町4-1-12 イオン堺北花田店2階,070-3100-4399
s1021,モーリーファンタジー喜連瓜破駅前店,大阪府,大阪府大阪市平野区瓜破2-1-13 イオン喜連瓜破駅前店3階,070-3100-4459
s1022,モーリーファンタジー大日店,大阪府,大阪府守口市大日東町1番18号 イオン大日店2階,070-3100-4359
s1023,モーリーファンタジー鶴見緑地店,大阪府,大阪府大阪市鶴見区鶴見4丁目17-1 イオン鶴見店3階,070-3100-4373
s1024,モーリーファンタジー大阪ドームシティ店,大阪府,大阪府大阪市西区千代崎3丁目13番1 イオン大阪ドームシティ３階,070-3100-3476
s1025,モーリーファンタジー貝塚店,大阪府,大阪府貝塚市地蔵堂74-2 イオン貝塚店2階,070-3100-3547
s1026,モーリーファンタジー四條畷店,大阪府,大阪府四條畷市砂4丁目3番2号 イオンスタイル四條畷店3階,070-3100-3523
s1027,モーリーファンタジー堺鉄砲町店,大阪府,大阪府堺市堺区鉄砲町1番地 イオンスタイル堺鉄砲町店3階,070-3100-5437
s1028,モーリーファンタジーLINKS UMEDA店,大阪府,大阪府大阪市北区大深町4-8 LINKS UMEDA 5階,070-3100-5248
s1029,モーリーファンタジーニトリモール枚方店,大阪府,大阪府枚方市北山１丁目２−１ ニトリモール枚方,090-3913-1181
s1030,モーリーファンタジーエコール・いずみ店,大阪府,大阪府和泉市いぶき野5-1-11 エコール・いずみ3階,090-3913-1373
s1031,モーリーファンタジーそよら古川橋駅前店,大阪府,大阪府門真市末広町41-2 そよら古川橋駅前3階,080-4886-3258
s1032,モーリーファンタジー日根野店,大阪府,大阪府泉佐野市日根野2496-1 イオンモール日根野2階,080-4886-2791
s1033,モーリーファンタジー吹田店,大阪府,大阪府吹田市朝日町2番101号 イオン吹田店4階,070-3100-7457
s1034,ヨドバシカメラ マルチメディア梅田,大阪府,大阪府大阪市北区大深町１－１,06-4802-1010
s1035,エディオンなんば,大阪府,大阪府大阪市中央区難波3-2-18,06-6630-6733
s1036,ビックカメラなんば店,大阪府,大阪府大阪市中央区千日前２－１０－１,066-634-1111
s1037,イトーヨーカドーあべの店,大阪府,大阪府大阪市阿倍野区阿倍野筋１－６－１,06-6643-1111
s1038,ビックカメラあべのキューズモール店,大阪府,大阪府大阪市阿倍野区阿倍野筋１－６－１ キューズモール３Ｆ,06-6631-1111
s1039,イトーヨーカドーアリオ八尾店,大阪府,大阪府八尾市光町２丁目３,072-995-9111
s1040,イオン新茨木店,大阪府,大阪府茨木市中津町１８－１,072-632-5511
s1041,イトーヨーカドーアリオ鳳店,大阪府,大阪府堺市西区鳳南町３－１９９－１２,072-274-4111
s1042,タイトーFステーションアスピア明石,兵庫県,兵庫県明石市東仲ノ町6-1,078-940-6710
s1043,タイトーFステーション三宮西館,兵庫県,兵庫県神戸市中央区三宮町2-11-1神戸センタープラザ3F,078-335-8348
s1044,タイトーFステーション姫路,兵庫県,兵庫県姫路市駅前町269,079-287-9210
s1045,ゆめパーク ゆめタウン姫路,兵庫県,兵庫県姫路市神子岡前3丁目12-17 4F,079-269-9166
s1046,ハローズガーデン新三田,兵庫県,兵庫県三田市けやき台1-6-2 ｲｵﾝ三田ｳｯﾃﾞｨﾀｳﾝ店 2番街,080-7609-7318
s1047,GiGOイオンモール姫路リバーシティー(AM区画),兵庫県,兵庫県姫路市飾磨区細江2560番地 イオンモール姫路リバーシティー 2F,090-6544-0836
s1048,GiGOららぽーと甲子園,兵庫県,兵庫県西宮市甲子園八番町1-100 ららぽーと甲子園2F,070-1459-4936
s1049,GiGOあまがさきキューズモール,兵庫県,兵庫県尼崎市潮江1-3-1 あまがさきキューズモール内4F,070-1459-5031
s1050,GiGOコロワ甲子園,兵庫県,兵庫県西宮市甲子園高潮町3-3Corowa甲子園3F,070-1459-5395
s1051,GiGO神戸umieサウスモール,兵庫県,兵庫県神戸市中央区東川崎町1-7-2 A-408,070-1458-4185
s1052,GiGOつかしん,兵庫県,兵庫県尼崎市塚口本町4-8-1 つかしん内,070-1459-4912
s1053,GiGO三宮北口,兵庫県,兵庫県神戸市中央区北長狭通1丁目8-1 コスモビルB1F～2F,070-6949-3872
s1054,アルゴ,兵庫県,兵庫県神戸市中央区下山手通1-1-8M:2nd,078-334-3031
s1055,アミパラ加古川店,兵庫県,兵庫県加古川市尾上町今福７１－２アミパラ加古川,079-456-0044
s1056,NICOPA伊丹昆陽店,兵庫県,兵庫県伊丹市池尻4-1-1イオンモール伊丹昆陽4階,072-767-7441
s1057,テクモピア伊丹店,兵庫県,兵庫県伊丹市藤ノ木1-1-1イオン伊丹3階,0727-71-1096
s1058,namco豊岡店,兵庫県,兵庫県豊岡市中陰町字大工６１７ ３Ｆ,0796-24-2908
s1059,きゃらんどスーパーシティ明石店,兵庫県,兵庫県明石市二見町西二見駅前１－１８ イトーヨーカドー明石店３Ｆ,078-943-6300
s1060,namcoイオンモール神戸南店,兵庫県,兵庫県神戸市兵庫区中之島２－１－１ イオンモール神戸南３Ｆ,078-599-8730
s1061,namcoラソラ川西店,兵庫県,兵庫県川西市栄町11番1 ラソラ川西店4階,072-744-7447
s1062,ふぇすたらんど土山店,兵庫県,兵庫県明石市魚住町清水字舞々２２０８－１イオン土山,078-920-8771
s1063,楽市楽座イオンモール神戸北店,兵庫県,兵庫県神戸市北区上津台８－１－１イオン神戸北３階,078-983-3355
s1064,アピナ姫路店,兵庫県,兵庫県姫路市東郷町1454-3 姫路リオス2F,079-222-8811
s1065,モーリーファンタジー三木青山店,兵庫県,兵庫県三木市志染町青山3-9 イオン三木青山店2階,070-3100-5131
s1066,モーリーファンタジー南淡路店,兵庫県,兵庫県南あわじ市賀集八幡北字東内378-1 イオン南淡路店1階,070-3100-5289
s1067,モーリーファンタジー猪名川店,兵庫県,兵庫県川辺郡猪名川町白金2-1 イオン猪名川店3階,070-3100-4677
s1068,モーリーファンタジー和田山店,兵庫県,兵庫県朝来市和田山町枚田岡774 イオン和田山店2階,070-3100-4678
s1069,モーリーファンタジー洲本店,兵庫県,兵庫県洲本市塩屋1-1-8 イオン洲本店2階,070-3100-4690
s1070,モーリーファンタジー伊丹店,兵庫県,兵庫県伊丹市藤ノ木1-1-1 イオン伊丹店3階,070-3100-4719
s1071,モーリーファンタジー姫路大津店,兵庫県,兵庫県姫路市大津区大津町2丁目5番 イオン姫路大津店2階,070-3100-4417
s1072,モーリーファンタジー尼崎店,兵庫県,兵庫県尼崎市次屋3-13-18 イオン尼崎店2階,070-3100-4442
s1073,モーリーファンタジー神戸北店,兵庫県,兵庫県神戸市北区上津台8-1-1 イオン神戸北店3階,070-3100-4334
s1074,モーリーファンタジーf 加西北条店,兵庫県,兵庫県加西市北条町北条308-1 イオン加西北条店2階,070-3100-3488
s1075,モーリーファンタジー伊丹昆陽店,兵庫県,兵庫県伊丹市池尻4-1-1 イオン伊丹昆陽店3階,070-3100-3469
s1076,モーリーファンタジージェームス山店,兵庫県,兵庫県神戸市垂水区青山台7-7-1 イオンジェームス山店1階,070-3100-3873
s1077,モーリーファンタジー明石店,兵庫県,兵庫県明石市大久保町ゆりのき通り3-3-1 イオン明石ショッピングセンター３番街3階,070-3100-3721
s1078,モーリーファンタジー姫路リバーシティ店,兵庫県,兵庫県姫路市飾磨区細江2560番地 イオン姫路ﾘﾊﾞｰｼﾃｨ店2階,070-3100-3849
s1079,モーリーファンタジー山崎店,兵庫県,兵庫県宍粟市山崎町中井字城下10 イオン山崎店3階,070-3100-3850
s1080,モーリーファンタジー三木店,兵庫県,兵庫県三木市大村字砂163 イオン三木店3階,070-3100-3851
s1081,モーリーファンタジー社店,兵庫県,兵庫県加東市社1126-1 イオン社店2階,070-3100-3860
s1082,モーリーファンタジー高砂店,兵庫県,兵庫県高砂市緑丘2丁目1-40 イオン高砂店2階,070-3100-3671
s1083,モーリーファンタジー板宿店,兵庫県,兵庫県神戸市須磨区前池町3-2-1 ダイエー板宿店4階,070-3100-7414
s1084,モーリーファンタジー西宮店,兵庫県,兵庫県西宮市林田町2-24 イオン西宮店２階,070-3100-7462
s1085,モーリーファンタジー宝塚中山店,兵庫県,兵庫県宝塚市売布東の町21-22 ダイエー宝塚中山店2階,070-3100-7472
s1086,モーリーファンタジー西神中央店,兵庫県,兵庫県神戸市西区糀台5-3-4 ダイエー西神中央店3階,070-3100-7485
s1087,モーリーファンタジー舞子店,兵庫県,兵庫県神戸市垂水区舞子台6-20-17 ダイエー舞子店2階,070-3100-7423
s1088,モーリーファンタジー藤原台店,兵庫県,兵庫県神戸市北区藤原台中町1丁目2番2号 イオン藤原台店４階,070-3100-7452
s1089,モーリーファンタジー名谷店,兵庫県,兵庫県神戸市須磨区中落合2-2-2 ダイエー名谷店3階,070-3100-7416
s1090,モーリーファンタジー長田南店,兵庫県,兵庫県神戸市長田区東尻池新町1番20号 イオン長田南ショッピングセンター2階,070-3100-7445
s1091,Tecc LIFE SELECT 尼崎,兵庫県,兵庫県尼崎市次屋３－１３－１８,06-7739-6500
s1092,イオン加古川店,兵庫県,兵庫県加古川市平岡町新在家６１５－１,079-425-4121
s1093,アミパラ橿原店,奈良県,奈良県橿原市十市町1222-1,0744-25-0550
s1094,エンターテインメントフィールド奈良橿原店,奈良県,奈良県橿原市市曲川町七丁目 20 番 1イオンモール橿原2階,0744-33-9610
s1095,ラスパ西大和店ゲームコーナー,奈良県,奈良県北葛城郡上牧町ささゆり台一丁目１番１号 ラスパ西大和店２階,0745-71-2022
s1096,アソビクルハンターズ奈良大和郡山店,奈良県,奈良県大和郡山市筒井町531番地6,0743-84-6870
s1097,ラウンドワンスタジアム奈良ミ・ナーラ,奈良県,奈良県奈良市二条大路南1-3-1 ミ・ナーラ5F,0742-32-3900
s1098,楽市楽座イオンモール大和郡山店,奈良県,奈良県大和郡山市下三橋町７４１イオンモール郡山３階,0743-58-5660
s1099,モーリーファンタジー桜井店,奈良県,奈良県桜井市上之庄278-1 イオン桜井店2階,070-3100-5312
s1100,モーリーファンタジー橿原店,奈良県,奈良県橿原市曲川町7-20-1 イオン橿原店2階,070-3100-4745
s1101,モーリーファンタジー登美ヶ丘店,奈良県,奈良県生駒市鹿畑町3027番地 イオン登美が丘店2階,070-3100-4391
s1102,モーリーファンタジー天理店,奈良県,奈良県天理市東井戸堂町381 ザ・ビッグエクストラ天理店1階,070-3100-3496
s1103,モーリーファンタジー大和郡山店,奈良県,奈良県大和郡山市下三橋741 イオン大和郡山店3階,070-3100-3556
s1104,MEGAドン・キホーテUNY西大和,奈良県,奈良県奈良県北葛城郡上牧町 ささゆり台1丁目1番1号,0745-77-6511
s1105,ユーズランド和歌山店,和歌山県,和歌山県和歌山市中字楠谷573番地イオンモール和歌山2F区画番号2059,073-452-1668
s1106,タイトーFステーションオークワロマンシティ御坊店,和歌山県,和歌山県御坊市湯川町財部181番地オークワロマンシティ御坊,0738-32-2108
s1107,NICOPA和歌山店,和歌山県,和歌山県和歌山市新生町7-20イズミヤ和歌山2階,073-499-5004
s1108,モーリーファンタジー新宮店,和歌山県,和歌山県新宮市橋本2丁目14番23号 イオン新宮店2階,070-3100-4726
s1109,モーリーファンタジー和歌山店,和歌山県,和歌山県和歌山市中字楠谷573番地 イオン和歌山店3階,070-3100-3534
s1110,PALO田辺店,和歌山県,和歌山県田辺市宝来町24-26 グルメシティ田辺店3階,070-3100-7466
s1111,namcoイオンモール鳥取北店,鳥取県,鳥取県鳥取市晩稲３４８ イオンモール鳥取北２階,0570-087699
s1112,アピナ米子,鳥取県,鳥取県米子市米原2-1-1,080-4542-643
s1113,PRIZE SPOT PALO天満屋米子しんまち店,鳥取県,鳥取県米子市西福原2-1-10 天満屋3階,090-3913-1308
s1114,モーリーファンタジー米子駅前店,鳥取県,鳥取県米子市末広町311 イオン米子駅前店3階,070-3100-4311
s1115,PALO鳥取店,鳥取県,鳥取県鳥取市天神町1 イオン鳥取店2階,070-3100-3756
s1116,モーリーファンタジー日吉津店,鳥取県,鳥取県西伯郡日吉津村日吉津1160-1 イオン日吉津店2階,070-3100-3653
s1117,モーリーファンタジー鳥取北店,鳥取県,鳥取県鳥取市晩稲348番地 イオン鳥取北店2階,070-3100-3703
s1118,ゆめサーカス出雲店,島根県,島根県出雲市大塚町６５０－１ゆめタウン出雲東館３階,0853-24-6030
s1119,namcoイオンモール出雲店,島根県,島根県出雲市渡橋町１０６６,0570-087621
s1120,PALO松江店,島根県,島根県松江市東朝日町151 イオン松江店3階,070-3100-4323
s1121,モーリーファンタジー出雲店,島根県,島根県出雲市渡橋町1066 イオンスタイル出雲店3階,070-3100-4643
s1122,モーリーファンタジー松江店,島根県,島根県松江市東朝日町151 イオン松江店3階,070-3100-3458
s1123,モーリーファンタジー江津店,島根県,島根県江津市嘉久志町2306番地30 ショッピングタウングリーンモール2階,070-3100-5033
s1124,ユーズランド倉敷店,岡山県,岡山県倉敷市水江１番地イオンモール倉敷２階,086-430-5234
s1125,GiGOイオンモール岡山,岡山県,岡山県岡山市北区下石井1-2-1 イオンモール岡山内6F 6024-1区画,070-1458-4363
s1126,GiGO天満屋ハピータウン岡南,岡山県,岡山県岡山市南区築港新町1丁目18番5号 天満屋ハピータウン岡南店3階,086-261-8556
s1127,アミパラ岡山店,岡山県,岡山県岡山市北区青江１－１３－８アミパラ岡山,086-235-3332
s1128,アミパラ倉敷店,岡山県,岡山県倉敷市西中新田６２４－１アミパラボウル１階,086-430-2111
s1129,タイトーFステーションマルナカ新倉敷店,岡山県,岡山県倉敷市玉島爪崎981-1マルナカ新倉敷,086-523-4301
s1130,ゆめタウン平島店,岡山県,岡山県岡山市東区東平島１６３番地 ゆめタウン平島店,086-297-5871
s1131,namcoアリオ倉敷店,岡山県,岡山県倉敷市寿町１２－２ アリオ倉敷２Ｆ,0570-087680
s1132,ピノッキースパティオ 倉敷店,岡山県,岡山県倉敷市笹沖1274-1ゆめタウン倉敷3階,086-424-6115
s1133,アピナ高梁店,岡山県,岡山県高梁市 落合町阿部 1700 ゆめタウン高梁2F,0866-56-1101
s1134,モーリーファンタジーf 岡山店,岡山県,岡山県岡山市北区下石井1丁目2番1号 イオンモール岡山4階,070-3100-3519
s1135,モーリーファンタジー津山インター店,岡山県,岡山県津山市河辺1000-1 イオン津山店2階,070-3100-3814
s1136,モーリーファンタジー倉敷店,岡山県,岡山県倉敷市水江1番地 イオン倉敷店1階,070-3100-3660
s1137,モーリーファンタジー水島店,岡山県,岡山県倉敷市水島高砂町3番11号 マックスバリュ水島店1階,070-3100-4507
s1138,ビックカメラ岡山駅前店,岡山県,岡山県岡山市北区駅前町１－１－１,086-236-1111
s1139,GiGO LECT広島,広島県,広島県広島市西区扇2丁目1-45 LECT 2F,070-1459-6780
s1140,アミパラ広島店,広島県,広島県広島市西区西観音町３－１７アミパラ広島,082-297-7135
s1141,プラサカプコン広島店,広島県,広島県広島市佐伯区石内東4-1-1ジ アウトレット広島1F,082-275-4165
s1142,福山メトロポリス,広島県,広島県福山市一文字町24-1福山コロナワールド,084-981-5095
s1143,タイトーステーションフジグラン神辺店,広島県,広島県福山市神辺町新道上字2-10-26フジグラン神辺3階,084-960-0789
s1144,タイトーステーションフジグラン緑井店,広島県,広島県広島市安佐南区緑井１－５－２フジグラン緑井３階,082-831-8050
s1145,タイトーFステーションゆめタウン東広島店,広島県,広島県東広島市西条土与丸１－５－７ゆめタウン東広島４階,082-431-6132
s1146,タイトーFステーションゆめタウンみゆき,広島県,広島県広島市南区宇品西6-7-14ゆめタウンみゆき2階,082-250-2145
s1147,タイトーステーション広島本通店,広島県,広島県広島市中区本通3－5せらかぐビル,082-541-6345
s1148,namcoフジグラン三原店,広島県,広島県三原市円一町１－１－７ フジグラン三原店内,0848-61-0215
s1149,namcoゆめタウン廿日市店,広島県,広島県廿日市市下平良二丁目２番１号３Ｆ,0829-30-8156
s1150,namcoフジグラン東広島店,広島県,広島県東広島市西条町御薗宇４４０５ フジグラン東広島店内,082-493-5162
s1151,namcoイオンモール広島府中店,広島県,広島県安芸郡府中町大須２－１－１ イオンモール広島府中３Ｆ,0570-087631
s1152,namcoゆめタウン広島店,広島県,広島県広島市南区皆実町２丁目８番１７号 ゆめタウン広島店３４２,082-250-6477
s1153,namcoフジグラン尾道店,広島県,広島県尾道市東尾道１９－７,0848-47-8125
s1154,namco広島紙屋町店,広島県,広島県広島市中区大手町２丁目３－３ 大手町ナルミヤビル１Ｆ,082-258-5355
s1155,namcoフジグラン高陽店,広島県,広島県広島市安佐北区亀崎１－１－６ フジグラン高陽本館３階,082-843-1458
s1156,ふぇすたらんど広店,広島県,広島県呉市広本町2-17-1 イオン広店4F,0823-74-2577
s1157,ふぇすたらんど可部店,広島県,広島県広島市安佐北区可部７－４－１３ 山陽マルナカ可部２階,082-815-7313
s1158,アピナ東広島店,広島県,広島県東広島市西条町助実1229 ゆめモール西条1F,082-493-5277
s1159,アピナアルパーク広島,広島県,広島県広島市西区草津新町2-27-14 アルパーク東棟3F,082-299-5007
s1160,モーリーファンタジー三原店,広島県,広島県三原市城町2-13-1 イオン三原店2階,070-3100-4723
s1161,モーリーファンタジー宇品店,広島県,広島県広島市南区宇品東6-1-15 イオン宇品店2階,070-3100-4744
s1162,モーリーファンタジー広島府中店,広島県,広島県安芸郡府中町大須2-1-1 イオン広島府中店3階,070-3100-4737
s1163,モーリーファンタジー楽々園店,広島県,広島県広島市佐伯区楽々園4-14-25 イオンタウン楽々園2階,070-3100-5597
s1164,モーリーファンタジー広島祇園店,広島県,広島県広島市安佐南区祇園3丁目2-1 イオン広島祇園店3階,070-3100-4144
s1165,モーリーファンタジーf 広島祇園店,広島県,広島県広島市安佐南区祇園3丁目2-1 イオン広島祇園ショッピングセンター3階,070-3100-4142
s1166,モーリーファンタジーアルパーク店,広島県,広島県広島市西区井口明神1-16-1 アルパーク西棟4階,070-3100-5127
s1167,フジグランナタリー,広島県,広島県廿日市市阿品３－１－１,0829-20-3311
s1168,ビックカメラ広島駅前店,広島県,広島県広島市南区松原町５－１,082-506-1111
s1169,フジグラン高陽,広島県,広島県広島市安佐北区亀崎１－１－６,082-843-5111
s1170,フジグラン三原,広島県,広島県三原市円一町１－１－７,0848-61-0011
s1171,アミパラ下関駅南店,山口県,山口県下関市東大和町1丁目 3-15,083-250-5501
s1172,アミュージアム周南店,山口県,山口県下松市中央町21-3ゆめタウン下松3階,0833-44-3290
s1173,テクモピア柳井店,山口県,山口県柳井市駅南1-12 MrMax柳井ショッピングセンター,082-023-6335
s1174,サープラ下関長府あそびタウン,山口県,山口県下関市ゆめタウン1-1,083-249-0055
s1175,サープラ山口あそびタウン,山口県,山口県山口市湯田温泉6-8-3,083-933-0307
s1176,SOYUFamilyGameField防府店,山口県,山口県防府市鐘紡町7-1イオンタウン防府1階,0835-26-0218
s1177,namcoおのだサンパーク店,山口県,山口県山陽小野田市中川６丁目４番１号 おのだサンパークショッピングセンタ２Ｆ,0836-84-7175
s1178,namcoフジグラン宇部店,山口県,山口県宇部市明神町三丁目１番１号 フジグラン宇部店２Ｆ,0836-37-0172
s1179,ピノッキースパティオ山口店,山口県,山口県山口市大内御堀１３０２－１ゆめタウン山口２Ｆ,083-923-0567
s1180,ふぇすたらんど下松店,山口県,山口県下松市南花岡６－８－１サンリブ下松２階,0833-45-0553
s1181,アピナ徳山店,山口県,山口県周南市青山町1-18 ゆめタウン徳山2F,0834-32-3177
s1182,PALO防府店,山口県,山口県防府市中央町1-3 イオン防府店3階,070-3100-3731
s1183,モーリーファンタジー光店,山口県,山口県光市浅江字木園1756-1 イオン光店2階,070-3100-3821
s1184,モーリーファンタジー下関店,山口県,山口県下関市竹崎町4-4-7 シーモールエスト4階,070-3100-5035
s1185,アミューズメントパフェパレパレ田宮,徳島県,徳島県 徳島市南田宮２－２－４６ アミューズメントパフェパレパレ田宮,088-677-8991
s1186,タイトーステーションフジグラン北島店,徳島県,徳島県板野郡北島町鯛浜字西ノ須174 フジグラン北島店内,088-697-3321
s1187,namcoフジグラン石井店,徳島県,徳島県名西郡石井町高川原字天神５４４番地１ フジグラン石井店内２Ｆ,088-674-8671
s1188,namcoゆめタウン徳島店,徳島県,徳島県板野郡藍住町奥野字東中須８８番地の１ ゆめタウン徳島２階,088-692-1765
s1189,ふぇすたらんど脇町店,徳島県,徳島県美馬市脇町拝原１７１１番地１ マルナカ脇町２階ゲームコーナー,0883-52-5565
s1190,モーリーファンタジー徳島店,徳島県,徳島県徳島市南末広町4番1号 イオンモール徳島3階,070-3100-4482
s1191,フジグラン阿南,徳島県,徳島県阿南市領家町土倉１０,0884-24-3711
s1192,フジグラン石井,徳島県,徳島県名西郡石井町高川原字天神５４４－１,088-675-3611
s1193,タイトーステーション丸亀店,香川県,香川県丸亀市川西町南１２８０番地１フジグラン丸亀２Ｆ,0877-57-2460
s1194,namcoフジグラン十川店,香川県,香川県高松市十川西町６５１－１ フジグラン十川別棟,087-848-9303
s1195,ゆめタウン高松店,香川県,香川県高松市三条町中所６０８－１ ゆめタウン高松店２Ｆゆめランド,087-869-7650
s1196,ふぇすたらんど白鳥店,香川県,香川県東かがわ市白鳥１４４－１マルナカ白鳥,0879-23-0211
s1197,アピナ善通寺,香川県,香川県善通寺市金蔵寺町川添1903 メガセンタートライアル善通寺店内,0877-35-7717
s1198,マックスプラザ善通寺,香川県,香川県善通寺市中村町１７９８－２,0877-63-4333
s1199,モーリーファンタジー高松東店,香川県,香川県高松市福岡町3-8-5 イオン高松東店3階,070-3100-5299
s1200,モーリーファンタジー高松店,香川県,香川県高松市香西本町1-1 イオン高松店3階,070-3100-4362
s1201,モーリーファンタジー綾川店,香川県,香川県綾歌郡綾川町萱原822-1 イオン綾川店3階,070-3100-3484
s1202,フジグラン丸亀,香川県,香川県丸亀市川西町南１２８０－１,0877-57-2411
s1203,アミパラ松山店,愛媛県,愛媛県松山市生石町６５５－１アミパラ松山,089-913-5533
s1204,プラサカプコン新居浜店,愛媛県,愛媛県新居浜市前田町８－８イオン新居浜２階,0897-31-0583
s1205,ソユーフォレストハンター松前店,愛媛県,愛媛県伊予郡松前町筒井850エミフルMASAKI1階,089-961-6277
s1206,タイトーFステーション今治ワールドプラザ,愛媛県,愛媛県今治市東村 1-14-2 今治ワールドプラザ内,0898-48-8818
s1207,namcoフジグラン北浜店,愛媛県,愛媛県八幡浜市北浜一丁目４番３３号 フジグラン北浜店２Ｆ,0894-22-2145
s1208,namcoフジグラン北宇和島店,愛媛県,愛媛県宇和島市伊吹町甲９１２番地２ フジグラン北宇和島店別棟,0895-24-4051
s1209,namcoフジグラン松山店,愛媛県,愛媛県松山市宮西１－２－１ フジグラン松山店４Ｆ,089-926-7736
s1210,モーリーファンタジー松山店,愛媛県,愛媛県松山市天山1丁目13番5号 イオン松山店3階,070-3100-5318
s1211,モーリーファンタジー新居浜店,愛媛県,愛媛県新居浜市前田町8番8号 イオン新居浜店2階,070-3100-4708
s1212,モーリーファンタジー今治新都市店,愛媛県,愛媛県今治市にぎわい広場1番地1 イオンスタイル今治新都市店2階,070-3100-4647
s1213,モーリーファンタジー南松山店,愛媛県,愛媛県松山市朝生田町5丁目1番25号 ジョー・プラ2階,070-3100-5011
s1214,フジグラン西条,愛媛県,愛媛県西条市新田字北新田２３５,0897-58-2811
s1215,フジグラン重信,愛媛県,愛媛県東温市野田３－１－１３,089-964-4111
s1216,フジグランエミフル松前,愛媛県,愛媛県伊予郡松前町筒井８５０,089-985-3111
s1217,アミュージアム高知店,高知県,高知県高知市介良字長丁乙317-1,088-860-7778
s1218,プラサカプコン高知店,高知県,高知県高知市秦南町1丁目4番8号イオンモール高知東館3階,088-802-7524
s1219,チッキッズ サニーアクシスいの店,高知県,高知県吾川郡いの町205サニーアクシスいの2階,088-893-3233
s1220,タイトーFステーション野市店,高知県,高知県香南市野市町西野2007-1フジグラン野市,0887-57-8061
s1221,サニーアクシス南国アクシスキッズ,高知県,高知県南国市大そね乙１００９ サニーアクシス南国店,088-864-4373
s1222,namcoフジグラン四万十店,高知県,高知県四万十市具同字東五反田２２２２番地 フジグラン四万十店内,0880-37-3357
s1223,namcoフジグラン葛島店,高知県,高知県高知市小倉町３－３０ フジグラン葛島店内,088-878-0766
s1224,モーリーファンタジー高知店,高知県,高知県高知市秦南町1丁目4-8 イオン高知店2階,070-3100-4716
s1225,フジグラン高知,高知県,高知県高知市朝倉東町５２－１５,088-844-8511
s1226,フジグラン野市,高知県,高知県香南市野市町西野２００７－１,0887-57-8211
s1227,GiGO中間,福岡県,福岡県中間市上蓮花寺3-1-1 1F・2F,070-1459-7012
s1228,GiGO福岡天神,福岡県,福岡県福岡市中央区天神2-7-6 DADAビル1～3F,070-1458-1702
s1229,GiGOゆめタウン飯塚,福岡県,福岡県飯塚市菰田西３丁目６−１ ゆめタウン飯塚 4階,070-1458-8831
s1230,プラサカプコン直方店,福岡県,福岡県直方市湯野原２－１－１イオン直方２階,0949-29-2262
s1231,G-pala小倉店,福岡県,福岡県北九州市小倉南区上葛原1-14-1,092-626-1775
s1232,メルヘンランド筑紫野ベレッサ店,福岡県,福岡県筑紫野市美しが丘南1-12-1筑紫野ベレッサ2階,092-710-3035
s1233,タイトーステーションリバーウォーク(プリスタ),福岡県,福岡県北九州市小倉北区室町１ー１－１リバーウォーク北九州４Ｆ５４０９,093-573-1881
s1234,タイトーステーション福岡天神店,福岡県,福岡県福岡市中央区天神２ー６ー３５サザンクロスビル,092-737-5500
s1235,namcoゆめタウン筑紫野店,福岡県,福岡県筑紫野市針摺東３－３－１,092-408-1432
s1236,namcoマークイズ福岡ももち店,福岡県,福岡県福岡市中央区地行浜２－２－１ マークイズ福岡ももち店４Ｆ,092-834-3276
s1237,バンダイナムコCross Store博多,福岡県,福岡県福岡市博多区住吉１丁目２－７４ キャナルシティ博多 ＯＰＡ内サウスビルＢ１Ｆ,0570-076562
s1238,namcoゆめモール柳川店,福岡県,福岡県柳川市三橋町蒲船津１４０８番地６ ゆめモール柳川内,0944-85-8602
s1239,namcoゆめタウン久留米店,福岡県,福岡県久留米市新合川１丁目２番１号 ゆめタウン久留米２階,0942-45-7316
s1240,namcoららぽーと福岡店,福岡県,福岡県福岡市博多区那珂６丁目２３－１ ４階４３０２０,092-558-4093
s1241,namco博多バスターミナル店,福岡県,福岡県福岡市博多区博多駅中央街２－１ 博多バスターミナル７Ｆ,0570-087638
s1242,namcoサニーサイドモール小倉店,福岡県,福岡県北九州市小倉南区下曽根新町１０－１ サニーサイドモール小倉２Ｆ,093-967-2078
s1243,ゆめタウン八女店,福岡県,福岡県八女市大字蒲原９８８－２８,0943-25-6331
s1244,アソビクル福岡新宮店,福岡県,福岡県糟屋郡新宮町三代999-1,092-410-6997
s1245,ラウンドワン福岡天神,福岡県,福岡県福岡市中央区天神2-6-12,092-720-8101
s1246,ラウンドワンスタジアム博多・半道橋,福岡県,福岡県福岡市博多区半道橋2-2-8,092-475-6611
s1247,ふぇすたらんど苅田店,福岡県,福岡県京都郡苅田町殿川町１－７サンリブエル苅田１階,093-435-3801
s1248,ふぇすたらんど久留米店,福岡県,福岡県久留米市野中町１４１１ サンリブ久留米２Ｆゲームコーナー,0942-46-8385
s1249,楽市楽座サンリブシティ小倉店,福岡県,福岡県北九州市小倉南区上葛原２－１４－１サンリブシティ小倉,093-951-0511
s1250,楽市楽座砂津店,福岡県,福岡県北九州市小倉北区砂津３丁目１－１チャチャタウン小倉Ｂ棟３階,093-531-2236
s1251,楽市楽座イオンモール八幡東店,福岡県,福岡県北九州市八幡東区東田３－２－１０２イオン八幡東ショッピングセンター３階,093-663-6519
s1252,楽市楽座イオンモール福岡店,福岡県,福岡県糟屋郡粕屋町大字酒殿字老ノ木192－1イオンモール福岡ルクル2階,092-939-7233
s1253,楽市楽座イオンモール福津店,福岡県,福岡県福津市７９３イオンモール福津３階,094-038-5131
s1254,スペースタイム25宗像店,福岡県,福岡県宗像市くりえいと１丁目５番１号サンリブ宗像２階,0940-35-6868
s1255,楽市楽座イオンモール筑紫野店,福岡県,福岡県筑紫野市立明寺４３４－１－３３７イオンモール筑紫野,092-929-6220
s1256,楽市楽座イオン穂波店,福岡県,福岡県飯塚市枝国長浦６６６－４８イオン穂波２階,0948-25-8726
s1257,楽市楽座210トリアス店,福岡県,福岡県糟屋郡久山町山田９９０楽市楽座２１０トリアス,092-976-3421
s1258,楽市街道箱崎店2階,福岡県,福岡県福岡市東区箱崎5丁目1番8号楽市街道箱崎店内2階,092-642-0760
s1259,楽市街道くるめ店,福岡県,福岡県久留米市新合川２－７－１０楽市街道くるめ１階,0942-41-1450
s1260,モーリーファンタジー大野城店,福岡県,福岡県大野城市錦町4-1-1 イオン大野城店3階,070-3100-5334
s1261,モーリーファンタジー若松店,福岡県,福岡県北九州市若松区二島1-3-1 イオン若松店2階,070-3100-3665
s1262,モーリーファンタジー香椎浜店,福岡県,福岡県福岡市東区香椎浜3-12-1 イオン香椎浜店2階,070-3100-3943
s1263,モーリーファンタジー福岡店,福岡県,福岡県糟屋郡粕屋町大字酒殿字老ノ木192-1 イオン福岡店2階,070-3100-3878
s1264,モーリーファンタジー直方店,福岡県,福岡県直方市湯野原2丁目1番1号 イオン直方店2階,070-3100-3972
s1265,モーリーファンタジー福岡伊都店,福岡県,福岡県福岡市西区北原1丁目2番1号 イオン福岡伊都3階,070-3100-4066
s1266,モーリーファンタジー八幡東店,福岡県,福岡県北九州市八幡東区東田3丁目2-102 イオン八幡東店3階,070-3100-4178
s1267,モーリーファンタジー筑紫野店,福岡県,福岡県筑紫野市大字立明寺434-1 イオン筑紫野店3階,070-3100-4092
s1268,モーリーファンタジー大牟田店,福岡県,福岡県大牟田市岬町3-4 イオン大牟田店2階,070-3100-4155
s1269,モーリーファンタジー福津店,福岡県,福岡県福津市日蒔野6丁目16-1 イオン福津店2階,070-3100-4061
s1270,ゲームコーナー原店,福岡県,福岡県福岡市早良区原6-27-52 イオン原2階,070-3100-5581
s1271,モーリーファンタジービバモール赤間店,福岡県,福岡県宗像市田久2-1-1 ビバモール赤間,070-3100-3991
s1272,モーリーファンタジー大木店,福岡県,福岡県三潴郡大木町蛭池1200 イオンスーパーセンター大木店１階,070-3100-4488
s1273,モーリーファンタジー笹丘店,福岡県,福岡県福岡市中央区笹丘1丁目28番74号 イオン笹丘店B1階,070-3100-5095
s1274,モーリーファンタジー田川店,福岡県,福岡県田川市大字伊田字火掛4616番 トライアル田川店1階,070-3100-5108
s1275,モーリーファンタジーマリナタウン店,福岡県,福岡県福岡市西区豊浜3-1-10 イオンショッパーズモールマリナタウン2階,070-3100-5121
s1276,パスカランド博多,福岡県,福岡県福岡市東区東浜１－１－１ ゆめタウン博多２F,092-409-2622
s1277,パスカランド黒崎,福岡県,福岡県北九州市八幡西区西曲里町３－１ イオンタウン黒崎店１F,093-644-1188
s1278,イオン戸畑店,福岡県,福岡県北九州市戸畑区汐井町２－２ イオン戸畑店 3F玩具売場,093-871-1111
s1279,ヨドバシカメラ マルチメディア博多,福岡県,福岡県福岡市博多区博多駅中央街６－１２,092-471-1010
s1280,イオン穂波店,福岡県,福岡県飯塚市枝国長浦６６６－４８ イオン穂波店 2F玩具売場,0948-26-1717
s1281,ソニックワールド伊万里店,佐賀県,佐賀県伊万里市二里町八谷搦１８９番地３ソニックワールド伊万里,0955-22-1104
s1282,タイトーFステーションモラージュ佐賀店,佐賀県,佐賀県佐賀市巨勢町牛島730モラージュ佐賀2F,0952-97-9339
s1283,namcoゆめタウン佐賀店,佐賀県,佐賀県佐賀市兵庫北５－１４－１ ゆめタウン佐賀店２Ｆ,0952-36-8225
s1284,モーリーファンタジー唐津店,佐賀県,佐賀県唐津市鏡字立神4671 イオン唐津店2階,070-3100-3699
s1285,モーリーファンタジー佐賀大和店,佐賀県,佐賀県佐賀市大和町大字尼寺3535番地 イオン佐賀大和店2階,070-3100-3639
s1286,モーリーファンタジー佐賀店,佐賀県,佐賀県佐賀市東与賀町大字下古賀字一本杉87番地1 イオンスーパーセンター佐賀店１階,070-3100-7322
s1287,パスカランド鳥栖,佐賀県,佐賀県鳥栖市本鳥栖町５３９ フレスポ鳥栖２F,0942-85-7441
s1288,GiGOみらい長崎ココウォーク,長崎県,長崎県長崎市茂里町1-55 みらい長崎ココウォーク 5F,070-1459-7106
s1289,スマイルステーション島原,長崎県,長崎県島原市弁天町1-7080-1イオン島原店内,0957-61-0230
s1290,namcoゆめタウン夢彩都店,長崎県,長崎県長崎市元船町１０－１ 夢彩都４Ｆ,095-832-6315
s1291,namcoアミュプラザ長崎新館店,長崎県,長崎県長崎市尾上町１番１号 アミュプラザ長崎新館４階９４０１,095-893-8002
s1292,楽市楽座諫早店,長崎県,長崎県諫早市長野町１０８６－１７楽市楽座諫早,0957-21-0031
s1293,楽市楽座させぼ五番街店,長崎県,長崎県佐世保市新港町2-7 させぼ五番街3階,0956-37-8900
s1294,モーリーファンタジー大村店,長崎県,長崎県大村市幸町25-200 イオン大村店2階,070-3100-3835
s1295,モーリーファンタジー東長崎店,長崎県,長崎県長崎市田中町1027-8 イオン東長崎店2階,070-3100-3674
s1296,モーリーファンタジー有家店,長崎県,長崎県南島原市有家町山川135-1 イオン有家店1階,070-3100-3687
s1297,モーリーファンタジー大塔店,長崎県,長崎県佐世保市大塔町14-2 イオン大塔店3階,070-3100-3680
s1298,モーリーファンタジー時津店,長崎県,長崎県西彼杵郡時津町浜田郷751-5 イオン時津店2階,070-3100-3971
s1299,モーリーファンタジー壱岐店,長崎県,長崎県壱岐市芦辺町箱崎中山触字干拓2604-2 イオン壱岐店2階,070-3100-5384
s1300,モーリーファンタジーチトセピア店,長崎県,長崎県長崎市千歳町5番1号 イオンチトセピア店3階,070-3100-5476
s1301,GiGOアミュプラザくまもと,熊本県,熊本県熊本市西区春日三丁目15番26号 6F 618区画,070-1459-7519
s1302,サープラ下通りあそびタウン,熊本県,熊本県熊本市中央区手取本町4-12 ザ・ファインビルB1,096-355-2888
s1303,namcoサクラマチクマモト店,熊本県,熊本県熊本市中央区桜町３－１０ サクラマチクマモト３Ｆ,096-245-6435
s1304,namcoWC南熊本店,熊本県,熊本県熊本市中央区九品寺６丁目９番１,096-375-1131
s1305,namcoゆめタウン光の森店,熊本県,熊本県菊池郡菊陽町光の森７丁目３９番１ ゆめタウン光の森南館３Ｆ,0570-087634
s1306,namcoイオン大津ショッピングプラザ店,熊本県,熊本県菊池郡大津町大字室１３７ 大津ショピングプラザ２Ｆ,096-340-3371
s1307,ゆめタウンサンピアンアミューズパーク,熊本県,熊本県熊本市東区上南部二丁目２番２号 ゆめタウンサンピアン３Ｆ,096-389-7375
s1308,ゴーゴーバンビーノ,熊本県,熊本県人吉市下林町字下大坪122－1,080-3905-2183
s1309,FESTA山鹿店,熊本県,熊本県山鹿市方保田鳥越３４６８－１ ＦＥＳＴＡ山鹿,096-844-5654
s1310,モーリーファンタジー天草店,熊本県,熊本県天草市亀場町食場後山下740 イオン天草店2階,070-3100-3702
s1311,モーリーファンタジー田崎店,熊本県,熊本県熊本市西区田崎町字下寄380番地 イオンタウン田崎1階,070-3100-5409
s1312,パスカワールドグリーンL,熊本県,熊本県荒尾市本井手１５７４－５４,0968-69-3001
s1313,ピノキオランドあらおシティモール,熊本県,熊本県荒尾市緑ヶ丘１－１－１ あらおシティモール内１Ｆ,0968-66-4666
s1314,パスカランドくまなん,熊本県,熊本県熊本市中央区平成３－２３－３０ サンリブシティくまなん３Ｆ,096-370-1377
s1315,パスカキッズはません,熊本県,熊本県熊本市南区田井島１－２－１ ゆめタウンはません店３Ｆ,096-370-2366
s1316,パスカランド長嶺,熊本県,熊本県熊本市東区長嶺西１－５－１ シュロアモール長嶺内,096-282-8662
s1317,ビックカメラアミュプラザくまもと店,熊本県,熊本県熊本市西区春日 ３ー１５－６０,096-353-1111
s1318,ユーズランド三光店,大分県,大分県中津市三光佐知１０３２イオンモール三光２階,0979-43-6562
s1319,GiGO高城,大分県,大分県大分市牧1-161-8,070-1459-7329
s1320,プラサカプコン大分店,大分県,大分県大分市公園通り西２－１イオンパークプレイス大分２階,097-520-7734
s1321,タイトーステーションアミュプラザおおいた,大分県,大分県大分市要町１－１４アミュプラザおおいた４階,097-574-7835
s1322,namcoトキハわさだタウン店,大分県,大分県大分市大字玉沢字楠本７５５－１ トキハわさだタウン内２Ｆ,0570-087641
s1323,ゆめタウン中津店,大分県,大分県中津市蛭子町３丁目９９番地 ゆめタウン中津店３階ゆめキッズ,0979-23-7753
s1324,トキハ別府店ゲームコーナー,大分県,大分県別府市北浜２－９－１ トキハ別府店内４Ｆ,0977-21-2522
s1325,FESTAフリーモールわさだ店,大分県,大分県大分市木上鉾手２１０２ＦＥＳＴＡフリーモールわさだ,097-542-1883
s1326,タイトーFステーションセントポルタ大分店,大分県,大分県大分市中央町2-1-1,097-533-2716
s1327,モーリーファンタジー挾間店,大分県,大分県由布市挾間町北方77番地 イオン挾間店2階,070-3100-3668
s1328,モーリーファンタジーパークプレイス大分店,大分県,大分県大分市公園通り西2丁目-1 イオンパークプレイス大分店2階,070-3100-3666
s1329,モーリーファンタジー三光店,大分県,大分県中津市三光佐知1032 イオン三光店2F,070-3100-5590
s1330,モーリーファンタジー日田店,大分県,大分県日田市南元町14-22 イオン日田店2階,070-3100-5419
s1331,イオン高城店,大分県,大分県大分市高城西町２８－１,097-554-0200
s1332,GiGOアミュプラザみやざき,宮崎県,宮崎県宮崎市老松2丁目2番22号アミュプラザみやざき うみ館 4F,070-1459-7363
s1333,namco宮交シティ店,宮崎県,宮崎県宮崎市大淀四丁目６番２８号 宮交シティ３階,0985-64-8764
s1334,楽市楽座イオンモール宮崎店,宮崎県,宮崎県宮崎市新別府町江口８６２－１イオン宮崎２階区画№２３１,0985-23-8281
s1335,ファミリーランドポニー小林店,宮崎県,宮崎県小林市堤金鳥居３００５－１２サンキュー小林店内ゲームコーナー,0984-24-1175
s1336,ファミリーランドポニー小松台店,宮崎県,宮崎県宮崎市小松台南町13－1タイヨー小松台2階ゲームコーナー,090-3190-4085
s1337,モーリーファンタジー延岡店,宮崎県,宮崎県延岡市旭町2-2-1 イオン延岡店2階,070-3100-3833
s1338,モーリーファンタジー日向店,宮崎県,宮崎県日向市日知屋字古田町61-1 イオン日向店2階,070-3100-3661
s1339,モーリーファンタジー都城店,宮崎県,宮崎県都城市早鈴町1950番地 イオン都城店2階,070-3100-3956
s1340,モーリーファンタジー宮崎店,宮崎県,宮崎県宮崎市新別府町江口862-1 イオン宮崎店2階,070-3100-3920
s1341,モーリーファンタジー南宮崎店,宮崎県,宮崎県宮崎市大淀4-7-30 イオン南宮崎店3階,070-3100-5460
s1342,モーリーファンタジー都城駅前店,宮崎県,宮崎県都城市栄町4672-5 イオン都城駅前店2階,070-3100-5474
s1343,イオン多々良ショッピングセンター店,宮崎県,宮崎県延岡市岡富町１５４,0982-28-0050
s1344,サープラ国分あそびタウン,鹿児島県,鹿児島県霧島市国分広瀬2-4-1フレスポ国分,0995-48-6789
s1345,タイトーステーションアミュプラザ鹿児島店,鹿児島県,鹿児島県鹿児島市中央町１－１アミュプラザ鹿児島５Ｆ,099-812-7250
s1346,namcoプラッセだいわ出水店,鹿児島県,鹿児島県出水市本町４－４５ プラッセだいわ出水店２Ｆ,0996-63-8850
s1347,namcoプラッセだいわ川内店,鹿児島県,鹿児島県薩摩川内市矢倉町４２１３－１ プラッセ川内店２階,0996-27-1770
s1348,楽市楽座オプシアミスミ店,鹿児島県,鹿児島県鹿児島市宇宿２－３－５－２階楽市楽座オプシアミスミ,099-812-7260
s1349,楽市楽座イオンタウン姶良,鹿児島県,鹿児島県姶良市東餅田336イオンタウン姶良2階,0995-55-1330
s1350,ファミリーランドポニー永利店,鹿児島県,鹿児島県薩摩川内市永利町７１２番地タイヨー永利店内ゲームコーナー,0996-23-3900
s1351,モーリーファンタジー隼人国分店,鹿児島県,鹿児島県霧島市隼人町見次1229 イオン隼人国分店2階,070-3100-5332
s1352,モーリーファンタジー鹿児島店,鹿児島県,鹿児島県鹿児島市東開町7 イオン鹿児島店3階,070-3100-4134
s1353,モーリーファンタジー姶良店,鹿児島県,鹿児島県姶良市西餅田264-1 イオンスタイル姶良店3階,070-3100-5381
s1354,ビックカメラ鹿児島中央駅店,鹿児島県,鹿児島県鹿児島市中央町１－１ フレスタ鹿児島内,099-814-1111
s1355,イオン鹿児島中央店,鹿児島県,鹿児島県鹿児島市中央町１０,099-206-4711
s1356,ピノキオランド宮之城,鹿児島県,鹿児島県薩摩郡さつま町宮之城屋地１５０８ プラッセ大和宮之城店２F,0996-52-1805
s1357,ゲオ西原店,沖縄県,沖縄県浦添市当山2丁目2番地3ゲオ西原,098-870-1300
s1358,namcoイーアス沖縄豊崎店,沖縄県,沖縄県豊見城市豊崎３－３５ イーアス沖縄豊崎店３Ｆ,098-987-0347
s1359,namcoサンエー浦添西海岸パルコシティ店,沖縄県,沖縄県浦添市西洲三丁目１番１ サンエー浦添西海岸パルコシティ３Ｆ,098-943-2394
s1360,namco那覇メインプレイス店,沖縄県,沖縄県那覇市おもろまち４丁目４番地９号 サンエー那覇メインプレイス内２Ｆ,098-951-3361
s1361,namcoイオン具志川店,沖縄県,沖縄県うるま市字前原幸崎原３０３番地 イオン具志川ＳＣ２Ｆ,098-983-6040
s1362,ラウンドワンスタジアム沖縄・宜野湾,沖縄県,沖縄県宜野湾市真志喜3-28-8,098-870-2110
s1363,楽市楽座イオンモール沖縄ライカム,沖縄県,沖縄県中頭郡北中城村ライカム1イオンモール沖縄ライカムライカム4階,098-923-5525
s1364,モーリーファンタジー那覇店,沖縄県,沖縄県那覇市金城5-10-2 イオン那覇店3階,070-3100-5314
s1365,モーリーファンタジー北谷店,沖縄県,沖縄県中頭郡北谷町字美浜8-3 イオン北谷店2階,070-3100-4750
s1366,モーリーファンタジー具志川店,沖縄県,沖縄県うるま市前原幸崎原303番地 イオン具志川店2階,070-3100-3720
s1367,モーリーファンタジー名護店,沖縄県,沖縄県名護市字名護見取川原4472 イオン名護店1階,070-3100-3954
s1368,モーリーファンタジー南風原店,沖縄県,沖縄県島尻郡南風原町字宮平264 イオン南風原店2階,070-3100-3883
s1369,モーリーファンタジーライカム店,沖縄県,沖縄県中頭郡北中城村字ライカム1 イオンライカム店4階,070-3100-4082
s1370,モーリーファンタジー浦添店,沖縄県,沖縄県浦添市城間4-7-1 浦添ショッピングセンター3階,070-3100-5472
